Authors,Title,Year,Source title,Volume,Issue,Art. No.,Page start,Page end,Page count,Cited by,DOI,Link,Affiliations,Authors with affiliations,Abstract,Author Keywords,Index Keywords,Molecular Sequence Numbers,Chemicals/CAS,Tradenames,Manufacturers,Funding Details,References,Correspondence Address,Editors,Sponsors,Publisher,Conference name,Conference date,Conference location,Conference code,ISSN,ISBN,CODEN,PubMed ID,Language of Original Document,Abbreviated Source Title,Document Type,Source,EID
"Huang Chaolin, Wang Yeming, Li Xingwang, Ren Lili, Zhao Jianping, Hu Yi, Zhang Li, Fan Guohui, Xu Jiuyang, Gu Xiaoying, Cheng Zhenshun, Yu Ting, Xia Jiaan, Wei Yuan, Wu Wenjuan, Xie Xuelei, Yin Wen, Li Hui, Liu Min, Xiao Yan, Gao Hong, Guo Li, Xie Jungang, Wang Guangfa, Jiang Rongmeng, Gao Zhancheng, Jin Qi, Wang Jianwei, Cao Bin","Clinical features of patients infected with 2019 novel coronavirus in Wuhan, China",2020,The Lancet,,,,,,,12992,10.1016/s0140-6736(20)30183-5,https://app.dimensions.ai/details/publication/pub.1124290823,,,,,,,,,,,,,,,,,,,,,,,,,,,,
"Guan Wei-Jie, Ni Zheng-Yi, Hu Yu, Liang Wen-Hua, Ou Chun-Quan, He Jian-Xing, Liu Lei, Shan Hong, Lei Chun-Liang, Hui David S C, Du Bin, Li Lan-Juan, Zeng Guang, Yuen Kwok-Yung, Chen Ru-Chong, Tang Chun-Li, Wang Tao, Chen Ping-Yan, Xiang Jie, Li Shi-Yue, Wang Jin-Lin, Liang Zi-Jing, Peng Yi-Xiang, Wei Li, Liu Yong, Hu Ya-Hua, Peng Peng, Wang Jian-Ming, Liu Ji-Yang, Chen Zhong, Li Gang, Zheng Zhi-Jian, Qiu Shao-Qin, Luo Jie, Ye Chang-Jiang, Zhu Shao-Yong, Zhong Nan-Shan",Clinical Characteristics of Coronavirus Disease 2019 in China,2020,New England Journal of Medicine,,,,,,,8315,10.1056/nejmoa2002032,https://app.dimensions.ai/details/publication/pub.1125146281,,,,,,,,,,,,,,,,,,,,,,,,,,,,
"Wang Dawei, Hu Bo, Hu Chang, Zhu Fangfang, Liu Xing, Zhang Jing, Wang Binbin, Xiang Hui, Cheng Zhenshun, Xiong Yong, Zhao Yan, Li Yirong, Wang Xinghuan, Peng Zhiyong","Clinical Characteristics of 138 Hospitalized Patients With 2019 Novel Coronavirus–Infected Pneumonia in Wuhan, China",2020,JAMA,,,,,,,7580,10.1001/jama.2020.1585,https://app.dimensions.ai/details/publication/pub.1124654147,,,,,,,,,,,,,,,,,,,,,,,,,,,,
"Zhu Na, Zhang Dingyu, Wang Wenling, Li Xingwang, Yang Bo, Song Jingdong, Zhao Xiang, Huang Baoying, Shi Weifeng, Lu Roujian, Niu Peihua, Zhan Faxian, Ma Xuejun, Wang Dayan, Xu Wenbo, Wu Guizhen, Gao George F, Tan Wenjie","A Novel Coronavirus from Patients with Pneumonia in China, 2019",2020,New England Journal of Medicine,,,,,,,7530,10.1056/nejmoa2001017,https://app.dimensions.ai/details/publication/pub.1124289146,,,,,,,,,,,,,,,,,,,,,,,,,,,,
"Zhou Fei, Yu Ting, Du Ronghui, Fan Guohui, Liu Ying, Liu Zhibo, Xiang Jie, Wang Yeming, Song Bin, Gu Xiaoying, Guan Lulu, Wei Yuan, Li Hui, Wu Xudong, Xu Jiuyang, Tu Shengjin, Zhang Yi, Chen Hua, Cao Bin","Clinical course and risk factors for mortality of adult inpatients with COVID-19 in Wuhan, China: a retrospective cohort study",2020,The Lancet,,,,,,,6920,10.1016/s0140-6736(20)30566-3,https://app.dimensions.ai/details/publication/pub.1125550328,,,,,,,,,,,,,,,,,,,,,,,,,,,,
"Chen Nanshan, Zhou Min, Dong Xuan, Qu Jieming, Gong Fengyun, Han Yang, Qiu Yang, Wang Jingli, Liu Ying, Wei Yuan, Xia Jia'an, Yu Ting, Zhang Xinxin, Zhang Li","Epidemiological and clinical characteristics of 99 cases of 2019 novel coronavirus pneumonia in Wuhan, China: a descriptive study",2020,The Lancet,,,,,,,6292,10.1016/s0140-6736(20)30211-7,https://app.dimensions.ai/details/publication/pub.1124427336,,,,,,,,,,,,,,,,,,,,,,,,,,,,
"Zhou Peng, Yang Xing-Lou, Wang Xian-Guang, Hu Ben, Zhang Lei, Zhang Wei, Si Hao-Rui, Zhu Yan, Li Bei, Huang Chao-Lin, Chen Hui-Dong, Chen Jing, Luo Yun, Guo Hua, Jiang Ren-Di, Liu Mei-Qin, Chen Ying, Shen Xu-Rui, Wang Xi, Zheng Xiao-Shuang, Zhao Kai, Chen Quan-Jiao, Deng Fei, Liu Lin-Lin, Yan Bing, Zhan Fa-Xian, Wang Yan-Yi, Xiao Geng-Fu, Shi Zheng-Li",A pneumonia outbreak associated with a new coronavirus of probable bat origin,2020,Nature,,,,,,,5278,10.1038/s41586-020-2012-7,https://app.dimensions.ai/details/publication/pub.1124545162,,,,,,,,,,,,,,,,,,,,,,,,,,,,
"Li Qun, Guan Xuhua, Wu Peng, Wang Xiaoye, Zhou Lei, Tong Yeqing, Ren Ruiqi, Leung Kathy S M, Lau Eric H Y, Wong Jessica Y, Xing Xuesen, Xiang Nijuan, Wu Yang, Li Chao, Chen Qi, Li Dan, Liu Tian, Zhao Jing, Liu Man, Tu Wenxiao, Chen Chuding, Jin Lianmei, Yang Rui, Wang Qi, Zhou Suhua, Wang Rui, Liu Hui, Luo Yinbo, Liu Yuan, Shao Ge, Li Huan, Tao Zhongfa, Yang Yang, Deng Zhiqiang, Liu Boxi, Ma Zhitao, Zhang Yanping, Shi Guoqing, Lam Tommy T Y, Wu Joseph T, Gao George F, Cowling Benjamin J, Yang Bo, Leung Gabriel M, Feng Zijian","Early Transmission Dynamics in Wuhan, China, of Novel Coronavirus–Infected Pneumonia",2020,New England Journal of Medicine,,,,,,,4980,10.1056/nejmoa2001316,https://app.dimensions.ai/details/publication/pub.1124408081,,,,,,,,,,,,,,,,,,,,,,,,,,,,
"Wu Zunyou, McGoogan Jennifer M.",Characteristics of and Important Lessons From the Coronavirus Disease 2019 (COVID-19) Outbreak in China,2020,JAMA,,,,,,,4940,10.1001/jama.2020.2648,https://app.dimensions.ai/details/publication/pub.1125042614,,,,,,,,,,,,,,,,,,,,,,,,,,,,
"Hoffmann Markus, Kleine-Weber Hannah, Schroeder Simon, Krüger Nadine, Herrler Tanja, Erichsen Sandra, Schiergens Tobias S., Herrler Georg, Wu Nai-Huei, Nitsche Andreas, Müller Marcel A., Drosten Christian, Pöhlmann Stefan",SARS-CoV-2 Cell Entry Depends on ACE2 and TMPRSS2 and Is Blocked by a Clinically Proven Protease Inhibitor,2020,Cell,,,,,,,4044,10.1016/j.cell.2020.02.052,https://app.dimensions.ai/details/publication/pub.1125408257,,,,,,,,,,,,,,,,,,,,,,,,,,,,
"Lu Roujian, Zhao Xiang, Li Juan, Niu Peihua, Yang Bo, Wu Honglong, Wang Wenling, Song Hao, Huang Baoying, Zhu Na, Bi Yuhai, Ma Xuejun, Zhan Faxian, Wang Liang, Hu Tao, Zhou Hong, Hu Zhenhong, Zhou Weimin, Zhao Li, Chen Jing, Meng Yao, Wang Ji, Lin Yang, Yuan Jianying, Xie Zhihao, Ma Jinmin, Liu William J, Wang Dayan, Xu Wenbo, Holmes Edward C, Gao George F, Wu Guizhen, Chen Weijun, Shi Weifeng, Tan Wenjie",Genomic characterisation and epidemiology of 2019 novel coronavirus: implications for virus origins and receptor binding,2020,The Lancet,,,,,,,3440,10.1016/s0140-6736(20)30251-8,https://app.dimensions.ai/details/publication/pub.1124428749,,,,,,,,,,,,,,,,,,,,,,,,,,,,
"Yang Xiaobo, Yu Yuan, Xu Jiqian, Shu Huaqing, Xia Jia'an, Liu Hong, Wu Yongran, Zhang Lu, Yu Zhui, Fang Minghao, Yu Ting, Wang Yaxin, Pan Shangwen, Zou Xiaojing, Yuan Shiying, Shang You","Clinical course and outcomes of critically ill patients with SARS-CoV-2 pneumonia in Wuhan, China: a single-centered, retrospective, observational study",2020,The Lancet Respiratory Medicine,,,,,,,3077,10.1016/s2213-2600(20)30079-5,https://app.dimensions.ai/details/publication/pub.1125089111,,,,,,,,,,,,,,,,,,,,,,,,,,,,
"Chan Jasper Fuk-Woo, Yuan Shuofeng, Kok Kin-Hang, To Kelvin Kai-Wang, Chu Hin, Yang Jin, Xing Fanfan, Liu Jieling, Yip Cyril Chik-Yan, Poon Rosana Wing-Shan, Tsoi Hoi-Wah, Lo Simon Kam-Fai, Chan Kwok-Hung, Poon Vincent Kwok-Man, Chan Wan-Mui, Ip Jonathan Daniel, Cai Jian-Piao, Cheng Vincent Chi-Chung, Chen Honglin, Hui Christopher Kim-Ming, Yuen Kwok-Yung",A familial cluster of pneumonia associated with the 2019 novel coronavirus indicating person-to-person transmission: a study of a family cluster,2020,The Lancet,,,,,,,3071,10.1016/s0140-6736(20)30154-9,https://app.dimensions.ai/details/publication/pub.1124295864,,,,,,,,,,,,,,,,,,,,,,,,,,,,
"Xu Zhe, Shi Lei, Wang Yijin, Zhang Jiyuan, Huang Lei, Zhang Chao, Liu Shuhong, Zhao Peng, Liu Hongxia, Zhu Li, Tai Yanhong, Bai Changqing, Gao Tingting, Song Jinwen, Xia Peng, Dong Jinghui, Zhao Jingmin, Wang Fu-Sheng",Pathological findings of COVID-19 associated with acute respiratory distress syndrome,2020,The Lancet Respiratory Medicine,,,,,,,2679,10.1016/s2213-2600(20)30076-x,https://app.dimensions.ai/details/publication/pub.1124934550,,,,,,,,,,,,,,,,,,,,,,,,,,,,
"Mehta Puja, McAuley Daniel F, Brown Michael, Sanchez Emilie, Tattersall Rachel S, Manson Jessica J, Collaboration HLH Across Speciality",COVID-19: consider cytokine storm syndromes and immunosuppression,2020,The Lancet,,,,,,,2580,10.1016/s0140-6736(20)30628-0,https://app.dimensions.ai/details/publication/pub.1125676836,,,,,,,,,,,,,,,,,,,,,,,,,,,,
"Wu Fan, Zhao Su, Yu Bin, Chen Yan-Mei, Wang Wen, Song Zhi-Gang, Hu Yi, Tao Zhao-Wu, Tian Jun-Hua, Pei Yuan-Yuan, Yuan Ming-Li, Zhang Yu-Ling, Dai Fa-Hui, Liu Yi, Wang Qi-Min, Zheng Jiao-Jiao, Xu Lin, Holmes Edward C., Zhang Yong-Zhen",A new coronavirus associated with human respiratory disease in China,2020,Nature,,,,,,,2523,10.1038/s41586-020-2008-3,https://app.dimensions.ai/details/publication/pub.1124545567,,,,,,,,,,,,,,,,,,,,,,,,,,,,
"van Doremalen Neeltje, Bushmaker Trenton, Morris Dylan H, Holbrook Myndi G, Gamble Amandine, Williamson Brandi N, Tamin Azaibi, Harcourt Jennifer L, Thornburg Natalie J, Gerber Susan I, Lloyd-Smith James O, de Wit Emmie, Munster Vincent J",Aerosol and Surface Stability of SARS-CoV-2 as Compared with SARS-CoV-1,2020,New England Journal of Medicine,,,,,,,2417,10.1056/nejmc2004973,https://app.dimensions.ai/details/publication/pub.1125718014,,,,,,,,,,,,,,,,,,,,,,,,,,,,
"Wu Chaomin, Chen Xiaoyan, Cai Yanping, Xia Jia’an, Zhou Xing, Xu Sha, Huang Hanping, Zhang Li, Zhou Xia, Du Chunling, Zhang Yuye, Song Juan, Wang Sijiao, Chao Yencheng, Yang Zeyong, Xu Jie, Zhou Xin, Chen Dechang, Xiong Weining, Xu Lei, Zhou Feng, Jiang Jinjun, Bai Chunxue, Zheng Junhua, Song Yuanlin","Risk Factors Associated With Acute Respiratory Distress Syndrome and Death in Patients With Coronavirus Disease 2019 Pneumonia in Wuhan, China",2020,JAMA Internal Medicine,,,,,,,2347,10.1001/jamainternmed.2020.0994,https://app.dimensions.ai/details/publication/pub.1125620179,,,,,,,,,,,,,,,,,,,,,,,,,,,,
"Holshue Michelle L, DeBolt Chas, Lindquist Scott, Lofy Kathy H, Wiesman John, Bruce Hollianne, Spitters Christopher, Ericson Keith, Wilkerson Sara, Tural Ahmet, Diaz George, Cohn Amanda, Fox LeAnne, Patel Anita, Gerber Susan I, Kim Lindsay, Tong Suxiang, Lu Xiaoyan, Lindstrom Steve, Pallansch Mark A, Weldon William C, Biggs Holly M, Uyeki Timothy M, Pillai Satish K",First Case of 2019 Novel Coronavirus in the United States,2020,New England Journal of Medicine,,,,,,,2335,10.1056/nejmoa2001191,https://app.dimensions.ai/details/publication/pub.1124461627,,,,,,,,,,,,,,,,,,,,,,,,,,,,
"Wang Manli, Cao Ruiyuan, Zhang Leike, Yang Xinglou, Liu Jia, Xu Mingyue, Shi Zhengli, Hu Zhihong, Zhong Wu, Xiao Gengfu",Remdesivir and chloroquine effectively inhibit the recently emerged novel coronavirus (2019-nCoV) in vitro,2020,Cell Research,,,,,,,2277,10.1038/s41422-020-0282-0,https://app.dimensions.ai/details/publication/pub.1124556117,,,,,,,,,,,,,,,,,,,,,,,,,,,,
"Wrapp Daniel, Wang Nianshuang, Corbett Kizzmekia S., Goldsmith Jory A., Hsieh Ching-Lin, Abiona Olubukola, Graham Barney S., McLellan Jason S.",Cryo-EM structure of the 2019-nCoV spike in the prefusion conformation,2020,Science,,,,,,,2164,10.1126/science.abb2507,https://app.dimensions.ai/details/publication/pub.1125023869,,,,,,,,,,,,,,,,,,,,,,,,,,,,
"Richardson Safiya, Hirsch Jamie S, Narasimhan Mangala, Crawford James M, McGinn Thomas, Davidson Karina W, Barnaby Douglas P, Becker Lance B, Chelico John D, Cohen Stuart L, Cookingham Jennifer, Coppa Kevin, Diefenbach Michael A, Dominello Andrew J, Duer-Hefele Joan, Falzon Louise, Gitlin Jordan, Hajizadeh Negin, Harvin Tiffany G, Hirschwerk David A, Kim Eun Ji, Kozel Zachary M, Marrast Lyndonna M, Mogavero Jazmin N, Osorio Gabrielle A, Qiu Michael, Zanos Theodoros P","Presenting Characteristics, Comorbidities, and Outcomes Among 5700 Patients Hospitalized With COVID-19 in the New York City Area",2020,JAMA,,,,,,,1996,10.1001/jama.2020.6775,https://app.dimensions.ai/details/publication/pub.1126893157,,,,,,,,,,,,,,,,,,,,,,,,,,,,
"Cao Bin, Wang Yeming, Wen Danning, Liu Wen, Wang Jingli, Fan Guohui, Ruan Lianguo, Song Bin, Cai Yanping, Wei Ming, Li Xingwang, Xia Jiaan, Chen Nanshan, Xiang Jie, Yu Ting, Bai Tao, Xie Xuelei, Zhang Li, Li Caihong, Yuan Ye, Chen Hua, Li Huadong, Huang Hanping, Tu Shengjing, Gong Fengyun, Liu Ying, Wei Yuan, Dong Chongya, Zhou Fei, Gu Xiaoying, Xu Jiuyang, Liu Zhibo, Zhang Yi, Li Hui, Shang Lianhan, Wang Ke, Li Kunxia, Zhou Xia, Dong Xuan, Qu Zhaohui, Lu Sixia, Hu Xujuan, Ruan Shunan, Luo Shanshan, Wu Jing, Peng Lu, Cheng Fang, Pan Lihong, Zou Jun, Jia Chunmin, Wang Juan, Liu Xia, Wang Shuzhen, Wu Xudong, Ge Qin, He Jing, Zhan Haiyan, Qiu Fang, Guo Li, Huang Chaolin, Jaki Thomas, Hayden Frederick G, Horby Peter W, Zhang Dingyu, Wang Chen",A Trial of Lopinavir–Ritonavir in Adults Hospitalized with Severe Covid-19,2020,New England Journal of Medicine,,,,,,,1959,10.1056/nejmoa2001282,https://app.dimensions.ai/details/publication/pub.1125734886,,,,,,,,,,,,,,,,,,,,,,,,,,,,
"Gautret Philippe, Lagier Jean-Christophe, Parola Philippe, Hoang Van Thuan, Meddeb Line, Mailhe Morgane, Doudier Barbara, Courjon Johan, Giordanengo Valérie, Vieira Vera Esteves, Tissot Dupont Hervé, Honoré Stéphane, Colson Philippe, Chabrière Eric, La Scola Bernard, Rolain Jean-Marc, Brouqui Philippe, Raoult Didier",Hydroxychloroquine and azithromycin as a treatment of COVID-19: results of an open-label non-randomized clinical trial,2020,International Journal of Antimicrobial Agents,,,,,,,1904,10.1016/j.ijantimicag.2020.105949,https://app.dimensions.ai/details/publication/pub.1125793694,,,,,,,,,,,,,,,,,,,,,,,,,,,,
"Walls Alexandra C., Park Young-Jun, Tortorici M. Alejandra, Wall Abigail, McGuire Andrew T., Veesler David","Structure, Function, and Antigenicity of the SARS-CoV-2 Spike Glycoprotein",2020,Cell,,,,,,,1880,10.1016/j.cell.2020.02.058,https://app.dimensions.ai/details/publication/pub.1125495316,,,,,,,,,,,,,,,,,,,,,,,,,,,,
"Zou Lirong, Ruan Feng, Huang Mingxing, Liang Lijun, Huang Huitao, Hong Zhongsi, Yu Jianxiang, Kang Min, Song Yingchao, Xia Jinyu, Guo Qianfang, Song Tie, He Jianfeng, Yen Hui-Ling, Peiris Malik, Wu Jie",SARS-CoV-2 Viral Load in Upper Respiratory Specimens of Infected Patients,2020,New England Journal of Medicine,,,,,,,1809,10.1056/nejmc2001737,https://app.dimensions.ai/details/publication/pub.1125019516,,,,,,,,,,,,,,,,,,,,,,,,,,,,
"Corman Victor M, Landt Olfert, Kaiser Marco, Molenkamp Richard, Meijer Adam, Chu Daniel KW, Bleicker Tobias, Brünink Sebastian, Schneider Julia, Schmidt Marie Luisa, Mulders Daphne GJC, Haagmans Bart L, van der Veer Bas, van den Brink Sharon, Wijsman Lisa, Goderski Gabriel, Romette Jean-Louis, Ellis Joanna, Zambon Maria, Peiris Malik, Goossens Herman, Reusken Chantal, Koopmans Marion PG, Drosten Christian",Detection of 2019 novel coronavirus (2019-nCoV) by real-time RT-PCR,2020,Eurosurveillance,,,,,,,1758,10.2807/1560-7917.es.2020.25.3.2000045,https://app.dimensions.ai/details/publication/pub.1124326515,,,,,,,,,,,,,,,,,,,,,,,,,,,,
"Ai Tao, Yang Zhenlu, Hou Hongyan, Zhan Chenao, Chen Chong, Lv Wenzhi, Tao Qian, Sun Ziyong, Xia Liming",Correlation of Chest CT and RT-PCR Testing in Coronavirus Disease 2019 (COVID-19) in China: A Report of 1014 Cases,2020,Radiology,,,,,,,1731,10.1148/radiol.2020200642,https://app.dimensions.ai/details/publication/pub.1125125609,,,,,,,,,,,,,,,,,,,,,,,,,,,,
"Brooks Samantha K, Webster Rebecca K, Smith Louise E, Woodland Lisa, Wessely Simon, Greenberg Neil, Rubin Gideon James",The psychological impact of quarantine and how to reduce it: rapid review of the evidence,2020,The Lancet,,,,,,,1728,10.1016/s0140-6736(20)30460-8,https://app.dimensions.ai/details/publication/pub.1125116162,,,,,,,,,,,,,,,,,,,,,,,,,,,,
"Dong Ensheng, Du Hongru, Gardner Lauren",An interactive web-based dashboard to track COVID-19 in real time,2020,The Lancet Infectious Diseases,,,,,,,1707,10.1016/s1473-3099(20)30120-1,https://app.dimensions.ai/details/publication/pub.1125019094,,,,,,,,,,,,,,,,,,,,,,,,,,,,
"Wang Chen, Horby Peter W, Hayden Frederick G, Gao George F",A novel coronavirus outbreak of global health concern,2020,The Lancet,,,,,,,1690,10.1016/s0140-6736(20)30185-9,https://app.dimensions.ai/details/publication/pub.1124298293,,,,,,,,,,,,,,,,,,,,,,,,,,,,
"Wang Wenling, Xu Yanli, Gao Ruqin, Lu Roujian, Han Kai, Wu Guizhen, Tan Wenjie",Detection of SARS-CoV-2 in Different Types of Clinical Specimens,2020,JAMA,,,,,,,1655,10.1001/jama.2020.3786,https://app.dimensions.ai/details/publication/pub.1125567003,,,,,,,,,,,,,,,,,,,,,,,,,,,,
"Wölfel Roman, Corman Victor M., Guggemos Wolfgang, Seilmaier Michael, Zange Sabine, Müller Marcel A., Niemeyer Daniela, Jones Terry C., Vollmar Patrick, Rothe Camilla, Hoelscher Michael, Bleicker Tobias, Brünink Sebastian, Schneider Julia, Ehmann Rosina, Zwirglmaier Katrin, Drosten Christian, Wendtner Clemens",Virological assessment of hospitalized patients with COVID-2019,2020,Nature,,,,,,,1653,10.1038/s41586-020-2196-x,https://app.dimensions.ai/details/publication/pub.1126006442,,,,,,,,,,,,,,,,,,,,,,,,,,,,
"Tang Ning, Li Dengju, Wang Xiong, Sun Ziyong",Abnormal coagulation parameters are associated with poor prognosis in patients with novel coronavirus pneumonia,2020,Journal of Thrombosis and Haemostasis,,,,,,,1617,10.1111/jth.14768,https://app.dimensions.ai/details/publication/pub.1124951905,,,,,,,,,,,,,,,,,,,,,,,,,,,,
"Mao Ling, Jin Huijuan, Wang Mengdie, Hu Yu, Chen Shengcai, He Quanwei, Chang Jiang, Hong Candong, Zhou Yifan, Wang David, Miao Xiaoping, Li Yanan, Hu Bo","Neurologic Manifestations of Hospitalized Patients With Coronavirus Disease 2019 in Wuhan, China",2020,JAMA Neurology,,,,,,,1605,10.1001/jamaneurol.2020.1127,https://app.dimensions.ai/details/publication/pub.1126499044,,,,,,,,,,,,,,,,,,,,,,,,,,,,
"Rothe Camilla, Schunk Mirjam, Sothmann Peter, Bretzel Gisela, Froeschl Guenter, Wallrauch Claudia, Zimmer Thorbjörn, Thiel Verena, Janke Christian, Guggemos Wolfgang, Seilmaier Michael, Drosten Christian, Vollmar Patrick, Zwirglmaier Katrin, Zange Sabine, Wölfel Roman, Hoelscher Michael",Transmission of 2019-nCoV Infection from an Asymptomatic Contact in Germany,2020,New England Journal of Medicine,,,,,,,1587,10.1056/nejmc2001468,https://app.dimensions.ai/details/publication/pub.1124434742,,,,,,,,,,,,,,,,,,,,,,,,,,,,
"Bai Yan, Yao Lingsheng, Wei Tao, Tian Fei, Jin Dong-Yan, Chen Lijuan, Wang Meiyun",Presumed Asymptomatic Carrier Transmission of COVID-19,2020,JAMA,,,,,,,1534,10.1001/jama.2020.2565,https://app.dimensions.ai/details/publication/pub.1125043810,,,,,,,,,,,,,,,,,,,,,,,,,,,,
,The species Severe acute respiratory syndrome-related coronavirus: classifying 2019-nCoV and naming it SARS-CoV-2,2020,Nature Microbiology,,,,,,,1521,10.1038/s41564-020-0695-z,https://app.dimensions.ai/details/publication/pub.1125315769,,,,,,,,,,,,,,,,,,,,,,,,,,,,
"Liang Wenhua, Guan Weijie, Chen Ruchong, Wang Wei, Li Jianfu, Xu Ke, Li Caichen, Ai Qing, Lu Weixiang, Liang Hengrui, Li Shiyue, He Jianxing",Cancer patients in SARS-CoV-2 infection: a nationwide analysis in China,2020,The Lancet Oncology,,,,,,,1497,10.1016/s1470-2045(20)30096-6,https://app.dimensions.ai/details/publication/pub.1124872058,,,,,,,,,,,,,,,,,,,,,,,,,,,,
"Lauer Stephen A, Grantz Kyra H, Bi Qifang, Jones Forrest K, Zheng Qulu, Meredith Hannah R, Azman Andrew S, Reich Nicholas G, Lessler Justin",The Incubation Period of Coronavirus Disease 2019 (COVID-19) From Publicly Reported Confirmed Cases: Estimation and Application.,2020,Annals of Internal Medicine,,,,,,,1451,10.7326/m20-0504,https://app.dimensions.ai/details/publication/pub.1125511203,,,,,,,,,,,,,,,,,,,,,,,,,,,,
"Grasselli Giacomo, Zangrillo Alberto, Zanella Alberto, Antonelli Massimo, Cabrini Luca, Castelli Antonio, Cereda Danilo, Coluccello Antonio, Foti Giuseppe, Fumagalli Roberto, Iotti Giorgio, Latronico Nicola, Lorini Luca, Merler Stefano, Natalini Giuseppe, Piatti Alessandra, Ranieri Marco Vito, Scandroglio Anna Mara, Storti Enrico, Cecconi Maurizio, Pesenti Antonio","Baseline Characteristics and Outcomes of 1591 Patients Infected With SARS-CoV-2 Admitted to ICUs of the Lombardy Region, Italy",2020,JAMA,,,,,,,1427,10.1001/jama.2020.5394,https://app.dimensions.ai/details/publication/pub.1126154306,,,,,,,,,,,,,,,,,,,,,,,,,,,,
"Wu Joseph T, Leung Kathy, Leung Gabriel M","Nowcasting and forecasting the potential domestic and international spread of the 2019-nCoV outbreak originating in Wuhan, China: a modelling study",2020,The Lancet,,,,,,,1411,10.1016/s0140-6736(20)30260-9,https://app.dimensions.ai/details/publication/pub.1124460938,,,,,,,,,,,,,,,,,,,,,,,,,,,,
"Ruan Qiurong, Yang Kun, Wang Wenxia, Jiang Lingyu, Song Jianxin","Clinical predictors of mortality due to COVID-19 based on an analysis of data of 150 patients from Wuhan, China",2020,Intensive Care Medicine,,,,,,,1392,10.1007/s00134-020-05991-x,https://app.dimensions.ai/details/publication/pub.1125334119,,,,,,,,,,,,,,,,,,,,,,,,,,,,
"Wan Yushun, Shang Jian, Graham Rachel, Baric Ralph S, Li Fang",Receptor Recognition by the Novel Coronavirus from Wuhan: an Analysis Based on Decade-Long Structural Studies of SARS Coronavirus.,2020,Journal of Virology,,,,,,,1377,10.1128/jvi.00127-20,https://app.dimensions.ai/details/publication/pub.1124432156,,,,,,,,,,,,,,,,,,,,,,,,,,,,
"Klok F.A., Kruip M.J.H.A., van der Meer N.J.M., Arbous M.S., Gommers D.A.M.P.J., Kant K.M., Kaptein F.H.J., van Paassen J., Stals M.A.M., Huisman M.V., Endeman H.",Incidence of thrombotic complications in critically ill ICU patients with COVID-19,2020,Thrombosis Research,,,,,,,1350,10.1016/j.thromres.2020.04.013,https://app.dimensions.ai/details/publication/pub.1126498241,,,,,,,,,,,,,,,,,,,,,,,,,,,,
"Onder Graziano, Rezza Giovanni, Brusaferro Silvio",Case-Fatality Rate and Characteristics of Patients Dying in Relation to COVID-19 in Italy,2020,JAMA,,,,,,,1342,10.1001/jama.2020.4683,https://app.dimensions.ai/details/publication/pub.1125822584,,,,,,,,,,,,,,,,,,,,,,,,,,,,
"Chen Huijun, Guo Juanjuan, Wang Chen, Luo Fan, Yu Xuechen, Zhang Wei, Li Jiafu, Zhao Dongchi, Xu Dan, Gong Qing, Liao Jing, Yang Huixia, Hou Wei, Zhang Yuanzhen",Clinical characteristics and intrauterine vertical transmission potential of COVID-19 infection in nine pregnant women: a retrospective review of medical records,2020,The Lancet,,,,,,,1294,10.1016/s0140-6736(20)30360-3,https://app.dimensions.ai/details/publication/pub.1124843280,,,,,,,,,,,,,,,,,,,,,,,,,,,,
"Varga Zsuzsanna, Flammer Andreas J, Steiger Peter, Haberecker Martina, Andermatt Rea, Zinkernagel Annelies S, Mehra Mandeep R, Schuepbach Reto A, Ruschitzka Frank, Moch Holger",Endothelial cell infection and endotheliitis in COVID-19,2020,The Lancet,,,,,,,1274,10.1016/s0140-6736(20)30937-5,https://app.dimensions.ai/details/publication/pub.1126834094,,,,,,,,,,,,,,,,,,,,,,,,,,,,
"Zhang Jin-jin, Dong Xiang, Cao Yi-yuan, Yuan Ya-dong, Yang Yi-bin, Yan You-qin, Akdis Cezmi A., Gao Ya-dong","Clinical characteristics of 140 patients infected with SARS‐CoV‐2 in Wuhan, China",2020,Allergy,,,,,,,1266,10.1111/all.14238,https://app.dimensions.ai/details/publication/pub.1125017439,,,,,,,,,,,,,,,,,,,,,,,,,,,,
,The epidemiological characteristics of an outbreak of 2019 novel coronavirus diseases (COVID-19) in China,2020,Chinese Journal of Epidemiology,,,,,,,1241,10.3760/cma.j.issn.0254-6450.2020.02.003,https://app.dimensions.ai/details/publication/pub.1124915310,,,,,,,,,,,,,,,,,,,,,,,,,,,,
"Wang Cuiyan, Pan Riyu, Wan Xiaoyang, Tan Yilin, Xu Linkang, Ho Cyrus S., Ho Roger C.",Immediate Psychological Responses and Associated Factors during the Initial Stage of the 2019 Coronavirus Disease (COVID-19) Epidemic among the General Population in China,2020,International Journal of Environmental Research and Public Health,,,,,,,1237,10.3390/ijerph17051729,https://app.dimensions.ai/details/publication/pub.1125475143,,,,,,,,,,,,,,,,,,,,,,,,,,,,
"Yan Renhong, Zhang Yuanyuan, Li Yaning, Xia Lu, Guo Yingying, Zhou Qiang",Structural basis for the recognition of SARS-CoV-2 by full-length human ACE2,2020,Science,,,,,,,1221,10.1126/science.abb2762,https://app.dimensions.ai/details/publication/pub.1125406606,,,,,,,,,,,,,,,,,,,,,,,,,,,,
"Tang Ning, Bai Huan, Chen Xing, Gong Jiale, Li Dengju, Sun Ziyong",Anticoagulant treatment is associated with decreased mortality in severe coronavirus disease 2019 patients with coagulopathy,2020,Journal of Thrombosis and Haemostasis,,,,,,,1220,10.1111/jth.14817,https://app.dimensions.ai/details/publication/pub.1125943990,,,,,,,,,,,,,,,,,,,,,,,,,,,,
"Lai Chih-Cheng, Shih Tzu-Ping, Ko Wen-Chien, Tang Hung-Jen, Hsueh Po-Ren",Severe acute respiratory syndrome coronavirus 2 (SARS-CoV-2) and coronavirus disease-2019 (COVID-19): The epidemic and the challenges,2020,International Journal of Antimicrobial Agents,,,,,,,1215,10.1016/j.ijantimicag.2020.105924,https://app.dimensions.ai/details/publication/pub.1124911473,,,,,,,,,,,,,,,,,,,,,,,,,,,,
"Shi Heshui, Han Xiaoyu, Jiang Nanchuan, Cao Yukun, Alwalid Osamah, Gu Jin, Fan Yanqing, Zheng Chuansheng","Radiological findings from 81 patients with COVID-19 pneumonia in Wuhan, China: a descriptive study",2020,The Lancet Infectious Diseases,,,,,,,1180,10.1016/s1473-3099(20)30086-4,https://app.dimensions.ai/details/publication/pub.1125098155,,,,,,,,,,,,,,,,,,,,,,,,,,,,
"Andersen Kristian G., Rambaut Andrew, Lipkin W. Ian, Holmes Edward C., Garry Robert F.",The proximal origin of SARS-CoV-2,2020,Nature Medicine,,,,,,,1169,10.1038/s41591-020-0820-9,https://app.dimensions.ai/details/publication/pub.1125686004,,,,,,,,,,,,,,,,,,,,,,,,,,,,
"Shi Shaobo, Qin Mu, Shen Bo, Cai Yuli, Liu Tao, Yang Fan, Gong Wei, Liu Xu, Liang Jinjun, Zhao Qinyan, Huang He, Yang Bo, Huang Congxin","Association of Cardiac Injury With Mortality in Hospitalized Patients With COVID-19 in Wuhan, China",2020,JAMA Cardiology,,,,,,,1142,10.1001/jamacardio.2020.0950,https://app.dimensions.ai/details/publication/pub.1125900995,,,,,,,,,,,,,,,,,,,,,,,,,,,,
"Qin Chuan, Zhou Luoqi, Hu Ziwei, Zhang Shuoqi, Yang Sheng, Tao Yu, Xie Cuihong, Ma Ke, Shang Ke, Wang Wei, Tian Dai-Shi","Dysregulation of immune response in patients with COVID-19 in Wuhan, China",2020,Clinical Infectious Diseases,,,,,,,1131,10.1093/cid/ciaa248,https://app.dimensions.ai/details/publication/pub.1125486349,,,,,,,,,,,,,,,,,,,,,,,,,,,,
"Chen Guang, Wu Di, Guo Wei, Cao Yong, Huang Da, Wang Hongwu, Wang Tao, Zhang Xiaoyun, Chen Huilong, Yu Haijing, Zhang Xiaoping, Zhang Minxia, Wu Shiji, Song Jianxin, Chen Tao, Han Meifang, Li Shusheng, Luo Xiaoping, Zhao Jianping, Ning Qin",Clinical and immunologic features in severe and moderate Coronavirus Disease 2019,2020,Journal of Clinical Investigation,,,,,,,1129,10.1172/jci137244,https://app.dimensions.ai/details/publication/pub.1125946588,,,,,,,,,,,,,,,,,,,,,,,,,,,,
"Guo Tao, Fan Yongzhen, Chen Ming, Wu Xiaoyan, Zhang Lin, He Tao, Wang Hairong, Wan Jing, Wang Xinghuan, Lu Zhibing",Cardiovascular Implications of Fatal Outcomes of Patients With Coronavirus Disease 2019 (COVID-19),2020,JAMA Cardiology,,,,,,,1118,10.1001/jamacardio.2020.1017,https://app.dimensions.ai/details/publication/pub.1125943839,,,,,,,,,,,,,,,,,,,,,,,,,,,,
"Chen Tao, Wu Di, Chen Huilong, Yan Weiming, Yang Danlei, Chen Guang, Ma Ke, Xu Dong, Yu Haijing, Wang Hongwu, Wang Tao, Guo Wei, Chen Jia, Ding Chen, Zhang Xiaoping, Huang Jiaquan, Han Meifang, Li Shusheng, Luo Xiaoping, Zhao Jianping, Ning Qin",Clinical characteristics of 113 deceased patients with coronavirus disease 2019: retrospective study,2020,The BMJ,,,,,,,1112,10.1136/bmj.m1091,https://app.dimensions.ai/details/publication/pub.1125925913,,,,,,,,,,,,,,,,,,,,,,,,,,,,
"Rothan Hussin A, Byrareddy Siddappa N",The epidemiology and pathogenesis of coronavirus disease (COVID-19) outbreak,2020,Journal of Autoimmunity,,,,,,,1093,10.1016/j.jaut.2020.102433,https://app.dimensions.ai/details/publication/pub.1125125933,,,,,,,,,,,,,,,,,,,,,,,,,,,,
"Lai Jianbo, Ma Simeng, Wang Ying, Cai Zhongxiang, Hu Jianbo, Wei Ning, Wu Jiang, Du Hui, Chen Tingting, Li Ruiting, Tan Huawei, Kang Lijun, Yao Lihua, Huang Manli, Wang Huafen, Wang Gaohua, Liu Zhongchun, Hu Shaohua",Factors Associated With Mental Health Outcomes Among Health Care Workers Exposed to Coronavirus Disease 2019,2020,JAMA Network Open,,,,,,,1066,10.1001/jamanetworkopen.2020.3976,https://app.dimensions.ai/details/publication/pub.1125759683,,,,,,,,,,,,,,,,,,,,,,,,,,,,
"Yao Xueting, Ye Fei, Zhang Miao, Cui Cheng, Huang Baoying, Niu Peihua, Liu Xu, Zhao Li, Dong Erdan, Song Chunli, Zhan Siyan, Lu Roujian, Li Haiyan, Tan Wenjie, Liu Dongyang",In Vitro Antiviral Activity and Projection of Optimized Dosing Design of Hydroxychloroquine for the Treatment of Severe Acute Respiratory Syndrome Coronavirus 2 (SARS-CoV-2),2020,Clinical Infectious Diseases,,,,,,,1061,10.1093/cid/ciaa237,https://app.dimensions.ai/details/publication/pub.1125486345,,,,,,,,,,,,,,,,,,,,,,,,,,,,
"Dong Yuanyuan, Mo Xi, Hu Yabin, Qi Xin, Jiang Fan, Jiang Zhongyi, Tong Shilu",Epidemiological Characteristics of 2143 Pediatric Patients With 2019 Coronavirus Disease in China,2020,Pediatrics,,,,,,,1056,10.1542/peds.2020-0702,https://app.dimensions.ai/details/publication/pub.1125686447,,,,,,,,,,,,,,,,,,,,,,,,,,,,
"Li Ruiyun, Pei Sen, Chen Bin, Song Yimeng, Zhang Tao, Yang Wan, Shaman Jeffrey",Substantial undocumented infection facilitates the rapid dissemination of novel coronavirus (SARS-CoV-2),2020,Science,,,,,,,1045,10.1126/science.abb3221,https://app.dimensions.ai/details/publication/pub.1125685505,,,,,,,,,,,,,,,,,,,,,,,,,,,,
"Gao Jianjun, Tian Zhenxue, Yang Xu",Breakthrough: Chloroquine phosphate has shown apparent efficacy in treatment of COVID-19 associated pneumonia in clinical studies,2020,BioScience Trends,,,,,,,1027,10.5582/bst.2020.01047,https://app.dimensions.ai/details/publication/pub.1124953197,,,,,,,,,,,,,,,,,,,,,,,,,,,,
"Hui David S., Azhar Esam I, Madani Tariq A., Ntoumi Francine, Kock Richard, Dar Osman, Ippolito Giuseppe, Mchugh Timothy D., Memish Ziad A., Drosten Christian, Zumla Alimuddin, Petersen Eskild","The continuing 2019-nCoV epidemic threat of novel coronaviruses to global health — The latest 2019 novel coronavirus outbreak in Wuhan, China",2020,International Journal of Infectious Diseases,,,,,,,1018,10.1016/j.ijid.2020.01.009,https://app.dimensions.ai/details/publication/pub.1124078561,,,,,,,,,,,,,,,,,,,,,,,,,,,,
"Fang Lei, Karakiulakis George, Roth Michael",Are patients with hypertension and diabetes mellitus at increased risk for COVID-19 infection?,2020,The Lancet Respiratory Medicine,,,,,,,1013,10.1016/s2213-2600(20)30116-8,https://app.dimensions.ai/details/publication/pub.1125558806,,,,,,,,,,,,,,,,,,,,,,,,,,,,
"Guo Yan-Rong, Cao Qing-Dong, Hong Zhong-Si, Tan Yuan-Yang, Chen Shou-Deng, Jin Hong-Jun, Tan Kai-Sen, Wang De-Yun, Yan Yan","The origin, transmission and clinical therapies on coronavirus disease 2019 (COVID-19) outbreak – an update on the status",2020,Military Medical Research,,,,,,,1002,10.1186/s40779-020-00240-0,https://app.dimensions.ai/details/publication/pub.1125635861,,,,,,,,,,,,,,,,,,,,,,,,,,,,
"Verity Robert, Okell Lucy C, Dorigatti Ilaria, Winskill Peter, Whittaker Charles, Imai Natsuko, Cuomo-Dannenburg Gina, Thompson Hayley, Walker Patrick G T, Fu Han, Dighe Amy, Griffin Jamie T, Baguelin Marc, Bhatia Sangeeta, Boonyasiri Adhiratha, Cori Anne, Cucunubá Zulma, FitzJohn Rich, Gaythorpe Katy, Green Will, Hamlet Arran, Hinsley Wes, Laydon Daniel, Nedjati-Gilani Gemma, Riley Steven, van Elsland Sabine, Volz Erik, Wang Haowei, Wang Yuanrong, Xi Xiaoyue, Donnelly Christl A, Ghani Azra C, Ferguson Neil M",Estimates of the severity of coronavirus disease 2019: a model-based analysis,2020,The Lancet Infectious Diseases,,,,,,,972,10.1016/s1473-3099(20)30243-7,https://app.dimensions.ai/details/publication/pub.1125987798,,,,,,,,,,,,,,,,,,,,,,,,,,,,
"Grein Jonathan, Ohmagari Norio, Shin Daniel, Diaz George, Asperges Erika, Castagna Antonella, Feldt Torsten, Green Gary, Green Margaret L, Lescure François-Xavier, Nicastri Emanuele, Oda Rentaro, Yo Kikuo, Quiros-Roldan Eugenia, Studemeister Alex, Redinski John, Ahmed Seema, Bernett Jorge, Chelliah Daniel, Chen Danny, Chihara Shingo, Cohen Stuart H, Cunningham Jennifer, D'Arminio Monforte Antonella, Ismail Saad, Kato Hideaki, Lapadula Giuseppe, L'Her Erwan, Maeno Toshitaka, Majumder Sumit, Massari Marco, Mora-Rillo Marta, Mutoh Yoshikazu, Nguyen Duc, Verweij Ewa, Zoufaly Alexander, Osinusi Anu O, DeZure Adam, Zhao Yang, Zhong Lijie, Chokkalingam Anand, Elboudwarej Emon, Telep Laura, Timbs Leighann, Henne Ilana, Sellers Scott, Cao Huyen, Tan Susanna K, Winterbourne Lucinda, Desai Polly, Mera Robertino, Gaggar Anuj, Myers Robert P, Brainard Diana M, Childs Richard, Flanigan Timothy",Compassionate Use of Remdesivir for Patients with Severe Covid-19,2020,New England Journal of Medicine,,,,,,,970,10.1056/nejmoa2007016,https://app.dimensions.ai/details/publication/pub.1126588506,,,,,,,,,,,,,,,,,,,,,,,,,,,,
"To Kelvin Kai-Wang, Tsang Owen Tak-Yin, Leung Wai-Shing, Tam Anthony Raymond, Wu Tak-Chiu, Lung David Christopher, Yip Cyril Chik-Yan, Cai Jian-Piao, Chan Jacky Man-Chun, Chik Thomas Shiu-Hong, Lau Daphne Pui-Ling, Choi Chris Yau-Chung, Chen Lin-Lei, Chan Wan-Mui, Chan Kwok-Hung, Ip Jonathan Daniel, Ng Anthony Chin-Ki, Poon Rosana Wing-Shan, Luo Cui-Ting, Cheng Vincent Chi-Chung, Chan Jasper Fuk-Woo, Hung Ivan Fan-Ngai, Chen Zhiwei, Chen Honglin, Yuen Kwok-Yung",Temporal profiles of viral load in posterior oropharyngeal saliva samples and serum antibody responses during infection by SARS-CoV-2: an observational cohort study,2020,The Lancet Infectious Diseases,,,,,,,967,10.1016/s1473-3099(20)30196-1,https://app.dimensions.ai/details/publication/pub.1125835251,,,,,,,,,,,,,,,,,,,,,,,,,,,,
"He Xi, Lau Eric H. Y., Wu Peng, Deng Xilong, Wang Jian, Hao Xinxin, Lau Yiu Chung, Wong Jessica Y., Guan Yujuan, Tan Xinghua, Mo Xiaoneng, Chen Yanqing, Liao Baolin, Chen Weilie, Hu Fengyu, Zhang Qing, Zhong Mingqiu, Wu Yanrong, Zhao Lingzhai, Zhang Fuchun, Cowling Benjamin J., Li Fang, Leung Gabriel M.",Temporal dynamics in viral shedding and transmissibility of COVID-19,2020,Nature Medicine,,,,,,,966,10.1038/s41591-020-0869-5,https://app.dimensions.ai/details/publication/pub.1126655280,,,,,,,,,,,,,,,,,,,,,,,,,,,,
"Remuzzi Andrea, Remuzzi Giuseppe",COVID-19 and Italy: what next?,2020,The Lancet,,,,,,,946,10.1016/s0140-6736(20)30627-9,https://app.dimensions.ai/details/publication/pub.1125609659,,,,,,,,,,,,,,,,,,,,,,,,,,,,
"Beigel John H, Tomashek Kay M, Dodd Lori E, Mehta Aneesh K, Zingman Barry S, Kalil Andre C, Hohmann Elizabeth, Chu Helen Y, Luetkemeyer Annie, Kline Susan, Lopez de Castilla Diego, Finberg Robert W, Dierberg Kerry, Tapson Victor, Hsieh Lanny, Patterson Thomas F, Paredes Roger, Sweeney Daniel A, Short William R, Touloumi Giota, Lye David Chien, Ohmagari Norio, Oh Myoung-Don, Ruiz-Palacios Guillermo M, Benfield Thomas, Fätkenheuer Gerd, Kortepeter Mark G, Atmar Robert L, Creech C Buddy, Lundgren Jens, Babiker Abdel G, Pett Sarah, Neaton James D, Burgess Timothy H, Bonnett Tyler, Green Michelle, Makowski Mat, Osinusi Anu, Nayak Seema, Lane H Clifford",Remdesivir for the Treatment of Covid-19 — Final Report,2020,New England Journal of Medicine,,,,,,,935,10.1056/nejmoa2007764,https://app.dimensions.ai/details/publication/pub.1127812395,,,,,,,,,,,,,,,,,,,,,,,,,,,,
"Liu Ying, Gayle Albert A, Wilder-Smith Annelies, Rocklöv Joacim",The reproductive number of COVID-19 is higher compared to SARS coronavirus,2020,Journal of Travel Medicine,,,,,,,933,10.1093/jtm/taaa021,https://app.dimensions.ai/details/publication/pub.1124815091,,,,,,,,,,,,,,,,,,,,,,,,,,,,
"Yang Jing, Zheng Ya, Gou Xi, Pu Ke, Chen Zhaofeng, Guo Qinghong, Ji Rui, Wang Haojia, Wang Yuping, Zhou Yongning",Prevalence of comorbidities in the novel Wuhan coronavirus (COVID-19) infection: a systematic review and meta-analysis,2020,International Journal of Infectious Diseases,,,,,,,933,10.1016/j.ijid.2020.03.017,https://app.dimensions.ai/details/publication/pub.1125556603,,,,,,,,,,,,,,,,,,,,,,,,,,,,
"Sohrabi Catrin, Alsafi Zaid, O’Neill Niamh, Khan Mehdi, Kerwan Ahmed, Al-Jabir Ahmed, Iosifidis Christos, Agha Riaz",World Health Organization declares Global Emergency: A review of the 2019 Novel Coronavirus (COVID-19),2020,International Journal of Surgery,,,,,,,919,10.1016/j.ijsu.2020.02.034,https://app.dimensions.ai/details/publication/pub.1125107999,,,,,,,,,,,,,,,,,,,,,,,,,,,,
"Shen Chenguang, Wang Zhaoqin, Zhao Fang, Yang Yang, Li Jinxiu, Yuan Jing, Wang Fuxiang, Li Delin, Yang Minghui, Xing Li, Wei Jinli, Xiao Haixia, Yang Yan, Qu Jiuxin, Qing Ling, Chen Li, Xu Zhixiang, Peng Ling, Li Yanjie, Zheng Haixia, Chen Feng, Huang Kun, Jiang Yujing, Liu Dongjing, Zhang Zheng, Liu Yingxia, Liu Lei",Treatment of 5 Critically Ill Patients With COVID-19 With Convalescent Plasma,2020,JAMA,,,,,,,901,10.1001/jama.2020.4783,https://app.dimensions.ai/details/publication/pub.1125943091,,,,,,,,,,,,,,,,,,,,,,,,,,,,
"Bhatraju Pavan K, Ghassemieh Bijan J, Nichols Michelle, Kim Richard, Jerome Keith R, Nalla Arun K, Greninger Alexander L, Pipavath Sudhakar, Wurfel Mark M, Evans Laura, Kritek Patricia A, West T Eoin, Luks Andrew, Gerbino Anthony, Dale Chris R, Goldman Jason D, O'Mahony Shane, Mikacenic Carmen",Covid-19 in Critically Ill Patients in the Seattle Region — Case Series,2020,New England Journal of Medicine,,,,,,,887,10.1056/nejmoa2004500,https://app.dimensions.ai/details/publication/pub.1125979840,,,,,,,,,,,,,,,,,,,,,,,,,,,,
"Kampf G, Todt D, Pfaender S, Steinmann E",Persistence of coronaviruses on inanimate surfaces and its inactivation with biocidal agents,2020,Journal of Hospital Infection,,,,,,,884,10.1016/j.jhin.2020.01.022,https://app.dimensions.ai/details/publication/pub.1124646670,,,,,,,,,,,,,,,,,,,,,,,,,,,,
"Zheng Ying-Ying, Ma Yi-Tong, Zhang Jin-Ying, Xie Xiang",COVID-19 and the cardiovascular system,2020,Nature Reviews Cardiology,,,,,,,872,10.1038/s41569-020-0360-5,https://app.dimensions.ai/details/publication/pub.1125400489,,,,,,,,,,,,,,,,,,,,,,,,,,,,
"Horby Peter, Lim Wei Shen, Emberson Jonathan R, Mafham Marion, Bell Jennifer L, Linsell Louise, Staplin Natalie, Brightling Christopher, Ustianowski Andrew, Elmahi Einas, Prudon Benjamin, Green Christopher, Felton Timothy, Chadwick David, Rege Kanchan, Fegan Christopher, Chappell Lucy C, Faust Saul N, Jaki Thomas, Jeffery Katie, Montgomery Alan, Rowan Kathryn, Juszczak Edmund, Baillie J Kenneth, Haynes Richard, Landray Martin J",Dexamethasone in Hospitalized Patients with Covid-19 — Preliminary Report,2020,New England Journal of Medicine,,,,,,,867,10.1056/nejmoa2021436,https://app.dimensions.ai/details/publication/pub.1129420433,,,,,,,,,,,,,,,,,,,,,,,,,,,,
"Lan Jun, Ge Jiwan, Yu Jinfang, Shan Sisi, Zhou Huan, Fan Shilong, Zhang Qi, Shi Xuanling, Wang Qisheng, Zhang Linqi, Wang Xinquan",Structure of the SARS-CoV-2 spike receptor-binding domain bound to the ACE2 receptor,2020,Nature,,,,,,,858,10.1038/s41586-020-2180-5,https://app.dimensions.ai/details/publication/pub.1125975734,,,,,,,,,,,,,,,,,,,,,,,,,,,,
"Pan Feng, Ye Tianhe, Sun Peng, Gui Shan, Liang Bo, Li Lingli, Zheng Dandan, Wang Jiazheng, Hesketh Richard L, Yang Lian, Zheng Chuansheng",Time Course of Lung Changes On Chest CT During Recovery From 2019 Novel Coronavirus (COVID-19) Pneumonia,2020,Radiology,,,,,,,858,10.1148/radiol.2020200370,https://app.dimensions.ai/details/publication/pub.1124859492,,,,,,,,,,,,,,,,,,,,,,,,,,,,
"Chung Michael, Bernheim Adam, Mei Xueyan, Zhang Ning, Huang Mingqian, Zeng Xianjun, Cui Jiufa, Xu Wenjian, Yang Yang, Fayad Zahi A, Jacobi Adam, Li Kunwei, Li Shaolin, Shan Hong",CT Imaging Features of 2019 Novel Coronavirus (2019-nCoV),2020,Radiology,,,,,,,857,10.1148/radiol.2020200230,https://app.dimensions.ai/details/publication/pub.1124590669,,,,,,,,,,,,,,,,,,,,,,,,,,,,
"Russell Clark D, Millar Jonathan E, Baillie J Kenneth",Clinical evidence does not support corticosteroid treatment for 2019-nCoV lung injury,2020,The Lancet,,,,,,,851,10.1016/s0140-6736(20)30317-2,https://app.dimensions.ai/details/publication/pub.1124654674,,,,,,,,,,,,,,,,,,,,,,,,,,,,
"Wang Yeming, Zhang Dingyu, Du Guanhua, Du Ronghui, Zhao Jianping, Jin Yang, Fu Shouzhi, Gao Ling, Cheng Zhenshun, Lu Qiaofa, Hu Yi, Luo Guangwei, Wang Ke, Lu Yang, Li Huadong, Wang Shuzhen, Ruan Shunan, Yang Chengqing, Mei Chunlin, Wang Yi, Ding Dan, Wu Feng, Tang Xin, Ye Xianzhi, Ye Yingchun, Liu Bing, Yang Jie, Yin Wen, Wang Aili, Fan Guohui, Zhou Fei, Liu Zhibo, Gu Xiaoying, Xu Jiuyang, Shang Lianhan, Zhang Yi, Cao Lianjun, Guo Tingting, Wan Yan, Qin Hong, Jiang Yushen, Jaki Thomas, Hayden Frederick G, Horby Peter W, Cao Bin, Wang Chen","Remdesivir in adults with severe COVID-19: a randomised, double-blind, placebo-controlled, multicentre trial",2020,The Lancet,,,,,,,850,10.1016/s0140-6736(20)31022-9,https://app.dimensions.ai/details/publication/pub.1127239818,,,,,,,,,,,,,,,,,,,,,,,,,,,,
"Xu Xiaoling, Han Mingfeng, Li Tiantian, Sun Wei, Wang Dongsheng, Fu Binqing, Zhou Yonggang, Zheng Xiaohu, Yang Yun, Li Xiuyong, Zhang Xiaohua, Pan Aijun, Wei Haiming",Effective treatment of severe COVID-19 patients with tocilizumab,2020,Proceedings of the National Academy of Sciences of the United States of America,,,,,,,848,10.1073/pnas.2005615117,https://app.dimensions.ai/details/publication/pub.1127240728,,,,,,,,,,,,,,,,,,,,,,,,,,,,
"Guan Wei-jie, Liang Wen-hua, Zhao Yi, Liang Heng-rui, Chen Zi-sheng, Li Yi-min, Liu Xiao-qing, Chen Ru-chong, Tang Chun-li, Wang Tao, Ou Chun-quan, Li Li, Chen Ping-yan, Sang Ling, Wang Wei, Li Jian-fu, Li Cai-chen, Ou Li-min, Cheng Bo, Xiong Shan, Ni Zheng-yi, Xiang Jie, Hu Yu, Liu Lei, Shan Hong, Lei Chun-liang, Peng Yi-xiang, Wei Li, Liu Yong, Hu Ya-hua, Peng Peng, Wang Jian-ming, Liu Ji-yang, Chen Zhong, Li Gang, Zheng Zhi-jian, Qiu Shao-qin, Luo Jie, Ye Chang-jiang, Zhu Shao-yong, Cheng Lin-ling, Ye Feng, Li Shi-yue, Zheng Jin-ping, Zhang Nuo-fu, Zhong Nan-shan, He Jian-xing",Comorbidity and its impact on 1590 patients with COVID-19 in China: a nationwide analysis,2020,European Respiratory Journal,,,,,,,829,10.1183/13993003.00547-2020,https://app.dimensions.ai/details/publication/pub.1125929140,,,,,,,,,,,,,,,,,,,,,,,,,,,,
"Fang Yicheng, Zhang Huangqi, Xie Jicheng, Lin Minjie, Ying Lingjun, Pang Peipei, Ji Wenbin",Sensitivity of Chest CT for COVID-19: Comparison to RT-PCR,2020,Radiology,,,,,,,827,10.1148/radiol.2020200432,https://app.dimensions.ai/details/publication/pub.1124960155,,,,,,,,,,,,,,,,,,,,,,,,,,,,
"Anderson Roy M, Heesterbeek Hans, Klinkenberg Don, Hollingsworth T Déirdre",How will country-based mitigation measures influence the course of the COVID-19 epidemic?,2020,The Lancet,,,,,,,827,10.1016/s0140-6736(20)30567-5,https://app.dimensions.ai/details/publication/pub.1125492157,,,,,,,,,,,,,,,,,,,,,,,,,,,,
"Lu Hongzhou, Stratton Charles W., Tang Yi‐Wei","Outbreak of pneumonia of unknown etiology in Wuhan, China: The mystery and the miracle",2020,Journal of Medical Virology,,,,,,,826,10.1002/jmv.25678,https://app.dimensions.ai/details/publication/pub.1124145721,,,,,,,,,,,,,,,,,,,,,,,,,,,,
"Chan Jasper Fuk-Woo, Kok Kin-Hang, Zhu Zheng, Chu Hin, To Kelvin Kai-Wang, Yuan Shuofeng, Yuen Kwok-Yung",Genomic characterization of the 2019 novel human-pathogenic coronavirus isolated from a patient with atypical pneumonia after visiting Wuhan,2020,Emerging Microbes & Infections,,,,,,,809,10.1080/22221751.2020.1719902,https://app.dimensions.ai/details/publication/pub.1124367686,,,,,,,,,,,,,,,,,,,,,,,,,,,,
"Zhao Juanjuan, Yuan Quan, Wang Haiyan, Liu Wei, Liao Xuejiao, Su Yingying, Wang Xin, Yuan Jing, Li Tingdong, Li Jinxiu, Qian Shen, Hong Congming, Wang Fuxiang, Liu Yingxia, Wang Zhaoqin, He Qing, Li Zhiyong, He Bin, Zhang Tianying, Fu Yang, Ge Shengxiang, Liu Lei, Zhang Jun, Xia Ningshao, Zhang Zheng",Antibody responses to SARS-CoV-2 in patients of novel coronavirus disease 2019,2020,Clinical Infectious Diseases,,,,,,,801,10.1093/cid/ciaa344,https://app.dimensions.ai/details/publication/pub.1125950034,,,,,,,,,,,,,,,,,,,,,,,,,,,,
"Ackermann Maximilian, Verleden Stijn E, Kuehnel Mark, Haverich Axel, Welte Tobias, Laenger Florian, Vanstapel Arno, Werlein Christopher, Stark Helge, Tzankov Alexandar, Li William W, Li Vincent W, Mentzer Steven J, Jonigk Danny","Pulmonary Vascular Endothelialitis, Thrombosis, and Angiogenesis in Covid-19",2020,New England Journal of Medicine,,,,,,,796,10.1056/nejmoa2015432,https://app.dimensions.ai/details/publication/pub.1127787531,,,,,,,,,,,,,,,,,,,,,,,,,,,,
"Chen Yu, Liu Qianyun, Guo Deyin","Emerging coronaviruses: Genome structure, replication, and pathogenesis",2020,Journal of Medical Virology,,,,,,,790,10.1002/jmv.25681,https://app.dimensions.ai/details/publication/pub.1124223406,,,,,,,,,,,,,,,,,,,,,,,,,,,,
"Vaduganathan Muthiah, Vardeny Orly, Michel Thomas, McMurray John J V, Pfeffer Marc A, Solomon Scott D",Renin–Angiotensin–Aldosterone System Inhibitors in Patients with Covid-19,2020,New England Journal of Medicine,,,,,,,788,10.1056/nejmsr2005760,https://app.dimensions.ai/details/publication/pub.1126004941,,,,,,,,,,,,,,,,,,,,,,,,,,,,
"Xu Xiao-Wei, Wu Xiao-Xin, Jiang Xian-Gao, Xu Kai-Jin, Ying Ling-Jun, Ma Chun-Lian, Li Shi-Bo, Wang Hua-Ying, Zhang Sheng, Gao Hai-Nv, Sheng Ji-Fang, Cai Hong-Liu, Qiu Yun-Qing, Li Lan-Juan","Clinical findings in a group of patients infected with the 2019 novel coronavirus (SARS-Cov-2) outside of Wuhan, China: retrospective case series",2020,The BMJ,,,,,,,788,10.1136/bmj.m606,https://app.dimensions.ai/details/publication/pub.1125029168,,,,,,,,,,,,,,,,,,,,,,,,,,,,
"Young Barnaby Edward, Ong Sean Wei Xiang, Kalimuddin Shirin, Low Jenny G., Tan Seow Yen, Loh Jiashen, Ng Oon-Tek, Marimuthu Kalisvar, Ang Li Wei, Mak Tze Minn, Lau Sok Kiang, Anderson Danielle E., Chan Kian Sing, Tan Thean Yen, Ng Tong Yong, Cui Lin, Said Zubaidah, Kurupatham Lalitha, Chen Mark I-Cheng, Chan Monica, Vasoo Shawn, Wang Lin-Fa, Tan Boon Huan, Lin Raymond Tzer Pin, Lee Vernon Jian Ming, Leo Yee-Sin, Lye David Chien",Epidemiologic Features and Clinical Course of Patients Infected With SARS-CoV-2 in Singapore,2020,JAMA,,,,,,,784,10.1001/jama.2020.3204,https://app.dimensions.ai/details/publication/pub.1125324383,,,,,,,,,,,,,,,,,,,,,,,,,,,,
"Letko Michael, Marzi Andrea, Munster Vincent",Functional assessment of cell entry and receptor usage for SARS-CoV-2 and other lineage B betacoronaviruses,2020,Nature Microbiology,,,,,,,777,10.1038/s41564-020-0688-y,https://app.dimensions.ai/details/publication/pub.1125089278,,,,,,,,,,,,,,,,,,,,,,,,,,,,
"Mizumoto Kenji, Kagaya Katsushi, Zarebski Alexander, Chowell Gerardo","Estimating the asymptomatic proportion of coronavirus disease 2019 (COVID-19) cases on board the Diamond Princess cruise ship, Yokohama, Japan, 2020",2020,Eurosurveillance,,,,,,,774,10.2807/1560-7917.es.2020.25.10.2000180,https://app.dimensions.ai/details/publication/pub.1125657297,,,,,,,,,,,,,,,,,,,,,,,,,,,,
"Arentz Matt, Yim Eric, Klaff Lindy, Lokhandwala Sharukh, Riedo Francis X, Chong Maria, Lee Melissa",Characteristics and Outcomes of 21 Critically Ill Patients With COVID-19 in Washington State,2020,JAMA,,,,,,,762,10.1001/jama.2020.4326,https://app.dimensions.ai/details/publication/pub.1125759734,,,,,,,,,,,,,,,,,,,,,,,,,,,,
"Sanders James M., Monogue Marguerite L., Jodlowski Tomasz Z., Cutrell James B.",Pharmacologic Treatments for Coronavirus Disease 2019 (COVID-19),2020,JAMA,,,,,,,759,10.1001/jama.2020.6019,https://app.dimensions.ai/details/publication/pub.1126506594,,,,,,,,,,,,,,,,,,,,,,,,,,,,
"Liu Jia, Cao Ruiyuan, Xu Mingyue, Wang Xi, Zhang Huanyu, Hu Hengrui, Li Yufeng, Hu Zhihong, Zhong Wu, Wang Manli","Hydroxychloroquine, a less toxic derivative of chloroquine, is effective in inhibiting SARS-CoV-2 infection in vitro",2020,Cell Discovery,,,,,,,758,10.1038/s41421-020-0156-0,https://app.dimensions.ai/details/publication/pub.1125712327,,,,,,,,,,,,,,,,,,,,,,,,,,,,
"Zhang Yan, Xiao Meng, Zhang Shulan, Xia Peng, Cao Wei, Jiang Wei, Chen Huan, Ding Xin, Zhao Hua, Zhang Hongmin, Wang Chunyao, Zhao Jing, Sun Xuefeng, Tian Ran, Wu Wei, Wu Dong, Ma Jie, Chen Yu, Zhang Dong, Xie Jing, Yan Xiaowei, Zhou Xiang, Liu Zhengyin, Wang Jinglan, Du Bin, Qin Yan, Gao Peng, Qin Xuzhen, Xu Yingchun, Zhang Wen, Li Taisheng, Zhang Fengchun, Zhao Yongqiang, Li Yongzhe, Zhang Shuyang",Coagulopathy and Antiphospholipid Antibodies in Patients with Covid-19,2020,New England Journal of Medicine,,,,,,,754,10.1056/nejmc2007575,https://app.dimensions.ai/details/publication/pub.1126385471,,,,,,,,,,,,,,,,,,,,,,,,,,,,
"Hollander Judd E, Carr Brendan G",Virtually Perfect? Telemedicine for Covid-19,2020,New England Journal of Medicine,,,,,,,752,10.1056/nejmp2003539,https://app.dimensions.ai/details/publication/pub.1125558661,,,,,,,,,,,,,,,,,,,,,,,,,,,,
"Lu Xiaoxia, Zhang Liqiong, Du Hui, Zhang Jingjing, Li Yuan Y, Qu Jingyu, Zhang Wenxin, Wang Youjie, Bao Shuangshuang, Li Ying, Wu Chuansha, Liu Hongxiu, Liu Di, Shao Jianbo, Peng Xuehua, Yang Yonghong, Liu Zhisheng, Xiang Yun, Zhang Furong, Silva Rona M, Pinkerton Kent E, Shen Kunling, Xiao Han, Xu Shunqing, Wong Gary W K",SARS-CoV-2 Infection in Children,2020,New England Journal of Medicine,,,,,,,750,10.1056/nejmc2005073,https://app.dimensions.ai/details/publication/pub.1125734875,,,,,,,,,,,,,,,,,,,,,,,,,,,,
"Bikdeli Behnood, Madhavan Mahesh V., Jimenez David, Chuich Taylor, Dreyfus Isaac, Driggin Elissa, Der Nigoghossian Caroline, Ageno Walter, Madjid Mohammad, Guo Yutao, Tang Liang V., Hu Yu, Giri Jay, Cushman Mary, Quéré Isabelle, Dimakakos Evangelos P., Gibson C. Michael, Lippi Giuseppe, Favaloro Emmanuel J., Fareed Jawed, Caprini Joseph A., Tafur Alfonso J., Burton John R., Francese Dominic P., Wang Elizabeth Y., Falanga Anna, McLintock Claire, Hunt Beverley J., Spyropoulos Alex C., Barnes Geoffrey D., Eikelboom John W., Weinberg Ido, Schulman Sam, Carrier Marc, Piazza Gregory, Beckman Joshua A., Steg P. Gabriel, Stone Gregg W., Rosenkranz Stephan, Goldhaber Samuel Z., Parikh Sahil A., Monreal Manuel, Krumholz Harlan M., Konstantinides Stavros V., Weitz Jeffrey I., Lip Gregory Y.H.","COVID-19 and Thrombotic or Thromboembolic Disease: Implications for Prevention, Antithrombotic Therapy, and Follow-up",2020,Journal of the American College of Cardiology,,,,,,,747,10.1016/j.jacc.2020.04.031,https://app.dimensions.ai/details/publication/pub.1126755578,,,,,,,,,,,,,,,,,,,,,,,,,,,,
"Emanuel Ezekiel J, Persad Govind, Upshur Ross, Thome Beatriz, Parker Michael, Glickman Aaron, Zhang Cathy, Boyle Connor, Smith Maxwell, Phillips James P",Fair Allocation of Scarce Medical Resources in the Time of Covid-19,2020,New England Journal of Medicine,,,,,,,743,10.1056/nejmsb2005114,https://app.dimensions.ai/details/publication/pub.1125825514,,,,,,,,,,,,,,,,,,,,,,,,,,,,
"Li Yan‐Chao, Bai Wan‐Zhu, Hashikawa Tsutomu",The neuroinvasive potential of SARS‐CoV2 may play a role in the respiratory failure of COVID‐19 patients,2020,Journal of Medical Virology,,,,,,,734,10.1002/jmv.25728,https://app.dimensions.ai/details/publication/pub.1125129639,,,,,,,,,,,,,,,,,,,,,,,,,,,,
"Shang Jian, Ye Gang, Shi Ke, Wan Yushun, Luo Chuming, Aihara Hideki, Geng Qibin, Auerbach Ashley, Li Fang",Structural basis of receptor recognition by SARS-CoV-2,2020,Nature,,,,,,,734,10.1038/s41586-020-2179-y,https://app.dimensions.ai/details/publication/pub.1125975630,,,,,,,,,,,,,,,,,,,,,,,,,,,,
"Xu Xintian, Chen Ping, Wang Jingfang, Feng Jiannan, Zhou Hui, Li Xuan, Zhong Wu, Hao Pei",Evolution of the novel coronavirus from the ongoing Wuhan outbreak and modeling of its spike protein for risk of human transmission,2020,Science China Life Sciences,,,,,,,731,10.1007/s11427-020-1637-5,https://app.dimensions.ai/details/publication/pub.1124493753,,,,,,,,,,,,,,,,,,,,,,,,,,,,
"Xiao Fei, Tang Meiwen, Zheng Xiaobin, Liu Ye, Li Xiaofeng, Shan Hong",Evidence for gastrointestinal infection of SARS-CoV-2,2020,Gastroenterology,,,,,,,721,10.1053/j.gastro.2020.02.055,https://app.dimensions.ai/details/publication/pub.1125329417,,,,,,,,,,,,,,,,,,,,,,,,,,,,
"Bernheim Adam, Mei Xueyan, Huang Mingqian, Yang Yang, Fayad Zahi A, Zhang Ning, Diao Kaiyue, Lin Bin, Zhu Xiqi, Li Kunwei, Li Shaolin, Shan Hong, Jacobi Adam, Chung Michael",Chest CT Findings in Coronavirus Disease-19 (COVID-19): Relationship to Duration of Infection,2020,Radiology,,,,,,,718,10.1148/radiol.2020200463,https://app.dimensions.ai/details/publication/pub.1125029838,,,,,,,,,,,,,,,,,,,,,,,,,,,,
"Jin Ying-Hui, Cai Lin, Cheng Zhen-Shun, Cheng Hong, Deng Tong, Fan Yi-Pin, Fang Cheng, Huang Di, Huang Lu-Qi, Huang Qiao, Han Yong, Hu Bo, Hu Fen, Li Bing-Hui, Li Yi-Rong, Liang Ke, Lin Li-Kai, Luo Li-Sha, Ma Jing, Ma Lin-Lu, Peng Zhi-Yong, Pan Yun-Bao, Pan Zhen-Yu, Ren Xue-Qun, Sun Hui-Min, Wang Ying, Wang Yun-Yun, Weng Hong, Wei Chao-Jie, Wu Dong-Fang, Xia Jian, Xiong Yong, Xu Hai-Bo, Yao Xiao-Mei, Yuan Yu-Feng, Ye Tai-Sheng, Zhang Xiao-Chun, Zhang Ying-Wen, Zhang Yin-Gao, Zhang Hua-Min, Zhao Yan, Zhao Ming-Juan, Zi Hao, Zeng Xian-Tao, Wang Yong-Yan, Wang Xing-Huan",A rapid advice guideline for the diagnosis and treatment of 2019 novel coronavirus (2019-nCoV) infected pneumonia (standard version),2020,Military Medical Research,,,,,,,714,10.1186/s40779-020-0233-6,https://app.dimensions.ai/details/publication/pub.1124661155,,,,,,,,,,,,,,,,,,,,,,,,,,,,
"Bialek Stephanie, Boundy Ellen, Bowen Virginia, Chow Nancy, Cohn Amanda, Dowling Nicole, Ellington Sascha, Gierke Ryan, Hall Aron, MacNeil Jessica, Patel Priti, Peacock Georgina, Pilishvili Tamara, Razzaghi Hilda, Reed Nia, Ritchey Matthew, Sauber-Schatz Erin","Severe Outcomes Among Patients with Coronavirus Disease 2019 (COVID-19) - United States, February 12-March 16, 2020.",2020,MMWR Morbidity and Mortality Weekly Report,,,,,,,712,10.15585/mmwr.mm6912e2,https://app.dimensions.ai/details/publication/pub.1125744278,,,,,,,,,,,,,,,,,,,,,,,,,,,,
"Ong Sean Wei Xiang, Tan Yian Kim, Chia Po Ying, Lee Tau Hong, Ng Oon Tek, Wong Michelle Su Yen, Marimuthu Kalisvar","Air, Surface Environmental, and Personal Protective Equipment Contamination by Severe Acute Respiratory Syndrome Coronavirus 2 (SARS-CoV-2) From a Symptomatic Patient",2020,JAMA,,,,,,,699,10.1001/jama.2020.3227,https://app.dimensions.ai/details/publication/pub.1125353571,,,,,,,,,,,,,,,,,,,,,,,,,,,,
"Ou Xiuyuan, Liu Yan, Lei Xiaobo, Li Pei, Mi Dan, Ren Lili, Guo Li, Guo Ruixuan, Chen Ting, Hu Jiaxin, Xiang Zichun, Mu Zhixia, Chen Xing, Chen Jieyong, Hu Keping, Jin Qi, Wang Jianwei, Qian Zhaohui",Characterization of spike glycoprotein of SARS-CoV-2 on virus entry and its immune cross-reactivity with SARS-CoV,2020,Nature Communications,,,,,,,692,10.1038/s41467-020-15562-9,https://app.dimensions.ai/details/publication/pub.1125943758,,,,,,,,,,,,,,,,,,,,,,,,,,,,
"Grasselli Giacomo, Pesenti Antonio, Cecconi Maurizio","Critical Care Utilization for the COVID-19 Outbreak in Lombardy, Italy",2020,JAMA,,,,,,,690,10.1001/jama.2020.4031,https://app.dimensions.ai/details/publication/pub.1125617869,,,,,,,,,,,,,,,,,,,,,,,,,,,,
"Zhang Haibo, Penninger Josef M., Li Yimin, Zhong Nanshan, Slutsky Arthur S.",Angiotensin-converting enzyme 2 (ACE2) as a SARS-CoV-2 receptor: molecular mechanisms and potential therapeutic target,2020,Intensive Care Medicine,,,,,,,685,10.1007/s00134-020-05985-9,https://app.dimensions.ai/details/publication/pub.1125334122,,,,,,,,,,,,,,,,,,,,,,,,,,,,
"Chinazzi Matteo, Davis Jessica T., Ajelli Marco, Gioannini Corrado, Litvinova Maria, Merler Stefano, Pastore y Piontti Ana, Mu Kunpeng, Rossi Luca, Sun Kaiyuan, Viboud Cécile, Xiong Xinyue, Yu Hongjie, Halloran M. Elizabeth, Longini Ira M., Vespignani Alessandro",The effect of travel restrictions on the spread of the 2019 novel coronavirus (COVID-19) outbreak,2020,Science,,,,,,,676,10.1126/science.aba9757,https://app.dimensions.ai/details/publication/pub.1125461195,,,,,,,,,,,,,,,,,,,,,,,,,,,,
"Garg Shikha, Kim Lindsay, Whitaker Michael, O'Halloran Alissa, Cummings Charisse, Holstein Rachel, Prill Mila, Chai Shua J, Kirley Pam D, Alden Nisha B, Kawasaki Breanna, Yousey-Hindes Kimberly, Niccolai Linda, Anderson Evan J, Openo Kyle P, Weigel Andrew, Monroe Maya L, Ryan Patricia, Henderson Justin, Kim Sue, Como-Sabetti Kathy, Lynfield Ruth, Sosin Daniel, Torres Salina, Muse Alison, Bennett Nancy M, Billing Laurie, Sutton Melissa, West Nicole, Schaffner William, Talbot H Keipp, Aquino Clarissa, George Andrea, Budd Alicia, Brammer Lynnette, Langley Gayle, Hall Aron J, Fry Alicia","Hospitalization Rates and Characteristics of Patients Hospitalized with Laboratory-Confirmed Coronavirus Disease 2019 - COVID-NET, 14 States, March 1-30, 2020.",2020,MMWR Morbidity and Mortality Weekly Report,,,,,,,675,10.15585/mmwr.mm6915e3,https://app.dimensions.ai/details/publication/pub.1126484792,,,,,,,,,,,,,,,,,,,,,,,,,,,,
"Holmes Emily A, O'Connor Rory C, Perry V Hugh, Tracey Irene, Wessely Simon, Arseneault Louise, Ballard Clive, Christensen Helen, Cohen Silver Roxane, Everall Ian, Ford Tamsin, John Ann, Kabir Thomas, King Kate, Madan Ira, Michie Susan, Przybylski Andrew K, Shafran Roz, Sweeney Angela, Worthman Carol M, Yardley Lucy, Cowan Katherine, Cope Claire, Hotopf Matthew, Bullmore Ed",Multidisciplinary research priorities for the COVID-19 pandemic: a call for action for mental health science,2020,The Lancet Psychiatry,,,,,,,675,10.1016/s2215-0366(20)30168-1,https://app.dimensions.ai/details/publication/pub.1126694866,,,,,,,,,,,,,,,,,,,,,,,,,,,,
"Kucharski Adam J, Russell Timothy W, Diamond Charlie, Liu Yang, Edmunds John, Funk Sebastian, Eggo Rosalind M, group Centre for Mathematical Modelling of Infectious Diseases COVID-19 working, Sun Fiona, Jit Mark, Munday James D, Davies Nicholas, Gimma Amy, van Zandvoort Kevin, Gibbs Hamish, Hellewell Joel, Jarvis Christopher I, Clifford Sam, Quilty Billy J, Bosse Nikos I, Abbott Sam, Klepac Petra, Flasche Stefan",Early dynamics of transmission and control of COVID-19: a mathematical modelling study,2020,The Lancet Infectious Diseases,,,,,,,674,10.1016/s1473-3099(20)30144-4,https://app.dimensions.ai/details/publication/pub.1125556968,,,,,,,,,,,,,,,,,,,,,,,,,,,,
"Kissler Stephen M., Tedijanto Christine, Goldstein Edward, Grad Yonatan H., Lipsitch Marc",Projecting the transmission dynamics of SARS-CoV-2 through the postpandemic period,2020,Science,,,,,,,674,10.1126/science.abb5793,https://app.dimensions.ai/details/publication/pub.1126667003,,,,,,,,,,,,,,,,,,,,,,,,,,,,
"Tay Matthew Zirui, Poh Chek Meng, Rénia Laurent, MacAry Paul A., Ng Lisa F. P.","The trinity of COVID-19: immunity, inflammation and intervention",2020,Nature Reviews Immunology,,,,,,,671,10.1038/s41577-020-0311-8,https://app.dimensions.ai/details/publication/pub.1127161344,,,,,,,,,,,,,,,,,,,,,,,,,,,,
"Hellewell Joel, Abbott Sam, Gimma Amy, Bosse Nikos I, Jarvis Christopher I, Russell Timothy W, Munday James D, Kucharski Adam J, Edmunds W John, Group Centre for the Mathematical Modelling of Infectious Diseases COVID-19 Working, Sun Fiona, Flasche Stefan, Quilty Billy J, Davies Nicholas, Liu Yang, Clifford Samuel, Klepac Petra, Jit Mark, Diamond Charlie, Gibbs Hamish, van Zandvoort Kevin, Funk Sebastian, Eggo Rosalind M",Feasibility of controlling COVID-19 outbreaks by isolation of cases and contacts,2020,The Lancet Global Health,,,,,,,663,10.1016/s2214-109x(20)30074-7,https://app.dimensions.ai/details/publication/pub.1125143762,,,,,,,,,,,,,,,,,,,,,,,,,,,,
"Guan Wei-jie, Ni Zheng-yi, Hu Yu, Liang Wen-hua, Ou Chun-quan, He Jian-xing, Liu Lei, Shan Hong, Lei Chun-liang, Hui David SC, Du Bin, Li Lan-juan, Zeng Guang, Yuen Kowk-Yung, Chen Ru-chong, Tang Chun-li, Wang Tao, Chen Ping-yan, Xiang Jie, Li Shi-yue, Wang Jin-lin, Liang Zi-jing, Peng Yi-xiang, Wei Li, Liu Yong, Hu Ya-hua, Peng Peng, Wang Jian-ming, Liu Ji-yang, Chen Zhong, Li Gang, Zheng Zhi-jian, Qiu Shao-qin, Luo Jie, Ye Chang-jiang, Zhu Shao-yong, Zhong Nan-shan",Clinical characteristics of 2019 novel coronavirus infection in China,2020,medRxiv,,,,,,,663,10.1101/2020.02.06.20020974,https://app.dimensions.ai/details/publication/pub.1124769414,,,,,,,,,,,,,,,,,,,,,,,,,,,,
"Liu Yingxia, Yang Yang, Zhang Cong, Huang Fengming, Wang Fuxiang, Yuan Jing, Wang Zhaoqin, Li Jinxiu, Li Jianming, Feng Cheng, Zhang Zheng, Wang Lifei, Peng Ling, Chen Li, Qin Yuhao, Zhao Dandan, Tan Shuguang, Yin Lu, Xu Jun, Zhou Congzhao, Jiang Chengyu, Liu Lei",Clinical and biochemical indexes from 2019-nCoV infected patients linked to viral loads and lung injury,2020,Science China Life Sciences,,,,,,,661,10.1007/s11427-020-1643-8,https://app.dimensions.ai/details/publication/pub.1124803772,,,,,,,,,,,,,,,,,,,,,,,,,,,,
"Zhang Wei, Du Rong-Hui, Li Bei, Zheng Xiao-Shuang, Yang Xing-Lou, Hu Ben, Wang Yan-Yi, Xiao Geng-Fu, Yan Bing, Shi Zheng-Li, Zhou Peng",Molecular and serological investigation of 2019-nCoV infected patients: implication of multiple shedding routes,2020,Emerging Microbes & Infections,,,,,,,652,10.1080/22221751.2020.1729071,https://app.dimensions.ai/details/publication/pub.1124915450,,,,,,,,,,,,,,,,,,,,,,,,,,,,
"Lechien Jerome R., Chiesa-Estomba Carlos M., De Siati Daniele R., Horoi Mihaela, Le Bon Serge D., Rodriguez Alexandra, Dequanter Didier, Blecic Serge, El Afia Fahd, Distinguin Lea, Chekkoury-Idrissi Younes, Hans Stéphane, Delgado Irene Lopez, Calvo-Henriquez Christian, Lavigne Philippe, Falanga Chiara, Barillari Maria Rosaria, Cammaroto Giovanni, Khalife Mohamad, Leich Pierre, Souchay Christel, Rossi Camelia, Journe Fabrice, Hsieh Julien, Edjlali Myriam, Carlier Robert, Ris Laurence, Lovato Andrea, De Filippis Cosimo, Coppee Frederique, Fakhry Nicolas, Ayad Tareck, Saussez Sven",Olfactory and gustatory dysfunctions as a clinical presentation of mild-to-moderate forms of the coronavirus disease (COVID-19): a multicenter European study,2020,European Archives of Oto-Rhino-Laryngology,,,,,,,644,10.1007/s00405-020-05965-1,https://app.dimensions.ai/details/publication/pub.1126175517,,,,,,,,,,,,,,,,,,,,,,,,,,,,
"Xu Hao, Zhong Liang, Deng Jiaxin, Peng Jiakuan, Dan Hongxia, Zeng Xin, Li Taiwen, Chen Qianming",High expression of ACE2 receptor of 2019-nCoV on the epithelial cells of oral mucosa,2020,International Journal of Oral Science,,,,,,,638,10.1038/s41368-020-0074-x,https://app.dimensions.ai/details/publication/pub.1125120771,,,,,,,,,,,,,,,,,,,,,,,,,,,,
"Paules Catharine I., Marston Hilary D., Fauci Anthony S.",Coronavirus Infections—More Than Just the Common Cold,2020,JAMA,,,,,,,637,10.1001/jama.2020.0757,https://app.dimensions.ai/details/publication/pub.1124240906,,,,,,,,,,,,,,,,,,,,,,,,,,,,
"Xie Xingzhi, Zhong Zheng, Zhao Wei, Zheng Chao, Wang Fei, Liu Jun",Chest CT for Typical 2019-nCoV Pneumonia: Relationship to Negative RT-PCR Testing,2020,Radiology,,,,,,,634,10.1148/radiol.2020200343,https://app.dimensions.ai/details/publication/pub.1124837555,,,,,,,,,,,,,,,,,,,,,,,,,,,,
"Sheahan Timothy P., Sims Amy C., Leist Sarah R., Schäfer Alexandra, Won John, Brown Ariane J., Montgomery Stephanie A., Hogg Alison, Babusis Darius, Clarke Michael O., Spahn Jamie E., Bauer Laura, Sellers Scott, Porter Danielle, Feng Joy Y., Cihlar Tomas, Jordan Robert, Denison Mark R., Baric Ralph S.","Comparative therapeutic efficacy of remdesivir and combination lopinavir, ritonavir, and interferon beta against MERS-CoV",2020,Nature Communications,,,,,,,633,10.1038/s41467-019-13940-6,https://app.dimensions.ai/details/publication/pub.1124005183,,,,,,,,,,,,,,,,,,,,,,,,,,,,
,Clinical management of severe acute respiratory infection (SARI) when COVID-19 disease is suspected. Interim guidance,2020,Pediatria i Medycyna Rodzinna,,,,,,,633,10.15557/pimr.2020.0003,https://app.dimensions.ai/details/publication/pub.1129365558,,,,,,,,,,,,,,,,,,,,,,,,,,,,
"Oxley Thomas J, Mocco J, Majidi Shahram, Kellner Christopher P, Shoirah Hazem, Singh I Paul, De Leacy Reade A, Shigematsu Tomoyoshi, Ladner Travis R, Yaeger Kurt A, Skliut Maryna, Weinberger Jesse, Dangayach Neha S, Bederson Joshua B, Tuhrim Stanley, Fifi Johanna T",Large-Vessel Stroke as a Presenting Feature of Covid-19 in the Young,2020,New England Journal of Medicine,,,,,,,630,10.1056/nejmc2009787,https://app.dimensions.ai/details/publication/pub.1127170529,,,,,,,,,,,,,,,,,,,,,,,,,,,,
"Duan Kai, Liu Bende, Li Cesheng, Zhang Huajun, Yu Ting, Qu Jieming, Zhou Min, Chen Li, Meng Shengli, Hu Yong, Peng Cheng, Yuan Mingchao, Huang Jinyan, Wang Zejun, Yu Jianhong, Gao Xiaoxiao, Wang Dan, Yu Xiaoqi, Li Li, Zhang Jiayou, Wu Xiao, Li Bei, Xu Yanping, Chen Wei, Peng Yan, Hu Yeqin, Lin Lianzhen, Liu Xuefei, Huang Shihe, Zhou Zhijun, Zhang Lianghao, Wang Yue, Zhang Zhi, Deng Kun, Xia Zhiwu, Gong Qin, Zhang Wei, Zheng Xiaobei, Liu Ying, Yang Huichuan, Zhou Dongbo, Yu Ding, Hou Jifeng, Shi Zhengli, Chen Saijuan, Chen Zhu, Zhang Xinxin, Yang Xiaoming",Effectiveness of convalescent plasma therapy in severe COVID-19 patients,2020,Proceedings of the National Academy of Sciences of the United States of America,,,,,,,629,10.1073/pnas.2004168117,https://app.dimensions.ai/details/publication/pub.1126173355,,,,,,,,,,,,,,,,,,,,,,,,,,,,
"Blanco-Melo Daniel, Nilsson-Payant Benjamin E., Liu Wen-Chun, Uhl Skyler, Hoagland Daisy, Møller Rasmus, Jordan Tristan X., Oishi Kohei, Panis Maryline, Sachs David, Wang Taia T., Schwartz Robert E., Lim Jean K., Albrecht Randy A., tenOever Benjamin R.",Imbalanced Host Response to SARS-CoV-2 Drives Development of COVID-19,2020,Cell,,,,,,,617,10.1016/j.cell.2020.04.026,https://app.dimensions.ai/details/publication/pub.1127609008,,,,,,,,,,,,,,,,,,,,,,,,,,,,
"Gordon David E., Jang Gwendolyn M., Bouhaddou Mehdi, Xu Jiewei, Obernier Kirsten, White Kris M., O’Meara Matthew J., Rezelj Veronica V., Guo Jeffrey Z., Swaney Danielle L., Tummino Tia A., Hüttenhain Ruth, Kaake Robyn M., Richards Alicia L., Tutuncuoglu Beril, Foussard Helene, Batra Jyoti, Haas Kelsey, Modak Maya, Kim Minkyu, Haas Paige, Polacco Benjamin J., Braberg Hannes, Fabius Jacqueline M., Eckhardt Manon, Soucheray Margaret, Bennett Melanie J., Cakir Merve, McGregor Michael J., Li Qiongyu, Meyer Bjoern, Roesch Ferdinand, Vallet Thomas, Mac Kain Alice, Miorin Lisa, Moreno Elena, Naing Zun Zar Chi, Zhou Yuan, Peng Shiming, Shi Ying, Zhang Ziyang, Shen Wenqi, Kirby Ilsa T., Melnyk James E., Chorba John S., Lou Kevin, Dai Shizhong A., Barrio-Hernandez Inigo, Memon Danish, Hernandez-Armenta Claudia, Lyu Jiankun, Mathy Christopher J. P., Perica Tina, Pilla Kala Bharath, Ganesan Sai J., Saltzberg Daniel J., Rakesh Ramachandran, Liu Xi, Rosenthal Sara B., Calviello Lorenzo, Venkataramanan Srivats, Liboy-Lugo Jose, Lin Yizhu, Huang Xi-Ping, Liu YongFeng, Wankowicz Stephanie A., Bohn Markus, Safari Maliheh, Ugur Fatima S., Koh Cassandra, Savar Nastaran Sadat, Tran Quang Dinh, Shengjuler Djoshkun, Fletcher Sabrina J., O’Neal Michael C., Cai Yiming, Chang Jason C. J., Broadhurst David J., Klippsten Saker, Sharp Phillip P., Wenzell Nicole A., Kuzuoglu-Ozturk Duygu, Wang Hao-Yuan, Trenker Raphael, Young Janet M., Cavero Devin A., Hiatt Joseph, Roth Theodore L., Rathore Ujjwal, Subramanian Advait, Noack Julia, Hubert Mathieu, Stroud Robert M., Frankel Alan D., Rosenberg Oren S., Verba Kliment A., Agard David A., Ott Melanie, Emerman Michael, Jura Natalia, von Zastrow Mark, Verdin Eric, Ashworth Alan, Schwartz Olivier, d’Enfert Christophe, Mukherjee Shaeri, Jacobson Matt, Malik Harmit S., Fujimori Danica G., Ideker Trey, Craik Charles S., Floor Stephen N., Fraser James S., Gross John D., Sali Andrej, Roth Bryan L., Ruggero Davide, Taunton Jack, Kortemme Tanja, Beltrao Pedro, Vignuzzi Marco, García-Sastre Adolfo, Shokat Kevan M., Shoichet Brian K., Krogan Nevan J.",A SARS-CoV-2 protein interaction map reveals targets for drug repurposing,2020,Nature,,,,,,,617,10.1038/s41586-020-2286-9,https://app.dimensions.ai/details/publication/pub.1127247220,,,,,,,,,,,,,,,,,,,,,,,,,,,,
"Wu Aiping, Peng Yousong, Huang Baoying, Ding Xiao, Wang Xianyue, Niu Peihua, Meng Jing, Zhu Zhaozhong, Zhang Zheng, Wang Jiangyuan, Sheng Jie, Quan Lijun, Xia Zanxian, Tan Wenjie, Cheng Genhong, Jiang Taijiao",Genome Composition and Divergence of the Novel Coronavirus (2019-nCoV) Originating in China,2020,Cell Host & Microbe,,,,,,,617,10.1016/j.chom.2020.02.001,https://app.dimensions.ai/details/publication/pub.1124668837,,,,,,,,,,,,,,,,,,,,,,,,,,,,
"Inciardi Riccardo M., Lupi Laura, Zaccone Gregorio, Italia Leonardo, Raffo Michela, Tomasoni Daniela, Cani Dario S., Cerini Manuel, Farina Davide, Gavazzi Emanuele, Maroldi Roberto, Adamo Marianna, Ammirati Enrico, Sinagra Gianfranco, Lombardi Carlo M., Metra Marco",Cardiac Involvement in a Patient With Coronavirus Disease 2019 (COVID-19),2020,JAMA Cardiology,,,,,,,611,10.1001/jamacardio.2020.1096,https://app.dimensions.ai/details/publication/pub.1125944137,,,,,,,,,,,,,,,,,,,,,,,,,,,,
"Helms Julie, Kremer Stéphane, Merdji Hamid, Clere-Jehl Raphaël, Schenck Malika, Kummerlen Christine, Collange Olivier, Boulay Clotilde, Fafi-Kremer Samira, Ohana Mickaël, Anheim Mathieu, Meziani Ferhat",Neurologic Features in Severe SARS-CoV-2 Infection,2020,New England Journal of Medicine,,,,,,,610,10.1056/nejmc2008597,https://app.dimensions.ai/details/publication/pub.1126705110,,,,,,,,,,,,,,,,,,,,,,,,,,,,
"Long Quan-Xin, Liu Bai-Zhong, Deng Hai-Jun, Wu Gui-Cheng, Deng Kun, Chen Yao-Kai, Liao Pu, Qiu Jing-Fu, Lin Yong, Cai Xue-Fei, Wang De-Qiang, Hu Yuan, Ren Ji-Hua, Tang Ni, Xu Yin-Yin, Yu Li-Hua, Mo Zhan, Gong Fang, Zhang Xiao-Li, Tian Wen-Guang, Hu Li, Zhang Xian-Xiang, Xiang Jiang-Lin, Du Hong-Xin, Liu Hua-Wen, Lang Chun-Hui, Luo Xiao-He, Wu Shao-Bo, Cui Xiao-Ping, Zhou Zheng, Zhu Man-Man, Wang Jing, Xue Cheng-Jun, Li Xiao-Feng, Wang Li, Li Zhi-Jie, Wang Kun, Niu Chang-Chun, Yang Qing-Jun, Tang Xiao-Jun, Zhang Yong, Liu Xia-Mao, Li Jin-Jing, Zhang De-Chun, Zhang Fan, Liu Ping, Yuan Jun, Li Qin, Hu Jie-Li, Chen Juan, Huang Ai-Long",Antibody responses to SARS-CoV-2 in patients with COVID-19,2020,Nature Medicine,,,,,,,608,10.1038/s41591-020-0897-1,https://app.dimensions.ai/details/publication/pub.1127167396,,,,,,,,,,,,,,,,,,,,,,,,,,,,
"Cheng Yichun, Luo Ran, Wang Kun, Zhang Meng, Wang Zhixiang, Dong Lei, Li Junhua, Yao Ying, Ge Shuwang, Xu Gang",Kidney disease is associated with in-hospital death of patients with COVID-19,2020,Kidney International,,,,,,,598,10.1016/j.kint.2020.03.005,https://app.dimensions.ai/details/publication/pub.1125761267,,,,,,,,,,,,,,,,,,,,,,,,,,,,
"Helms Julie, Tacquard Charles, Severac François, Leonard-Lorant Ian, Ohana Mickaël, Delabranche Xavier, Merdji Hamid, Clere-Jehl Raphaël, Schenck Malika, Fagot Gandet Florence, Fafi-Kremer Samira, Castelain Vincent, Schneider Francis, Grunebaum Lélia, Anglés-Cano Eduardo, Sattler Laurent, Mertes Paul-Michel, Meziani Ferhat",High risk of thrombosis in patients with severe SARS-CoV-2 infection: a multicenter prospective cohort study,2020,Intensive Care Medicine,,,,,,,596,10.1007/s00134-020-06062-x,https://app.dimensions.ai/details/publication/pub.1127350891,,,,,,,,,,,,,,,,,,,,,,,,,,,,
"Xiang Yu-Tao, Yang Yuan, Li Wen, Zhang Ling, Zhang Qinge, Cheung Teris, Ng Chee H",Timely mental health care for the 2019 novel coronavirus outbreak is urgently needed,2020,The Lancet Psychiatry,,,,,,,595,10.1016/s2215-0366(20)30046-8,https://app.dimensions.ai/details/publication/pub.1124596461,,,,,,,,,,,,,,,,,,,,,,,,,,,,
"Zhao Shi, Lin Qianyin, Ran Jinjun, Musa Salihu S, Yang Guangpu, Wang Weiming, Lou Yijun, Gao Daozhou, Yang Lin, He Daihai, Wang Maggie H","Preliminary estimation of the basic reproduction number of novel coronavirus (2019-nCoV) in China, from 2019 to 2020: A data-driven analysis in the early phase of the outbreak",2020,International Journal of Infectious Diseases,,,,,,,592,10.1016/j.ijid.2020.01.050,https://app.dimensions.ai/details/publication/pub.1124425523,,,,,,,,,,,,,,,,,,,,,,,,,,,,
"Geleris Joshua, Sun Yifei, Platt Jonathan, Zucker Jason, Baldwin Matthew, Hripcsak George, Labella Angelena, Manson Daniel K, Kubin Christine, Barr R Graham, Sobieszczyk Magdalena E, Schluger Neil W",Observational Study of Hydroxychloroquine in Hospitalized Patients with Covid-19,2020,New England Journal of Medicine,,,,,,,588,10.1056/nejmoa2012410,https://app.dimensions.ai/details/publication/pub.1127452440,,,,,,,,,,,,,,,,,,,,,,,,,,,,
"Magro Cynthia, Mulvey J. Justin, Berlin David, Nuovo Gerard, Salvatore Steven, Harp Joanna, Baxter-Stoltzfus Amelia, Laurence Jeffrey",Complement associated microvascular injury and thrombosis in the pathogenesis of severe COVID-19 infection: A report of five cases,2020,Translational Research,,,,,,,584,10.1016/j.trsl.2020.04.007,https://app.dimensions.ai/details/publication/pub.1126701762,,,,,,,,,,,,,,,,,,,,,,,,,,,,
"Zhang Linlin, Lin Daizong, Sun Xinyuanyuan, Curth Ute, Drosten Christian, Sauerhering Lucie, Becker Stephan, Rox Katharina, Hilgenfeld Rolf",Crystal structure of SARS-CoV-2 main protease provides a basis for design of improved α-ketoamide inhibitors,2020,Science,,,,,,,582,10.1126/science.abb3405,https://app.dimensions.ai/details/publication/pub.1125798750,,,,,,,,,,,,,,,,,,,,,,,,,,,,
"Rodriguez-Morales Alfonso J., Cardona-Ospina Jaime A., Gutiérrez-Ocampo Estefanía, Villamizar-Peña Rhuvi, Holguin-Rivera Yeimer, Escalera-Antezana Juan Pablo, Alvarado-Arnez Lucia Elena, Bonilla-Aldana D. Katterine, Franco-Paredes Carlos, Henao-Martinez Andrés F., Paniz-Mondolfi Alberto, Lagos-Grisales Guillermo J., Ramírez-Vallejo Eduardo, Suárez Jose A., Zambrano Lysien I., Villamil-Gómez Wilmer E., Balbin-Ramon Graciela J., Rabaan Ali A., Harapan Harapan, Dhama Kuldeep, Nishiura Hiroshi, Kataoka Hiromitsu, Ahmad Tauseef, Sah Ranjit, Research Latin American Network of Coronavirus Disease 2019-COVID-19","Clinical, laboratory and imaging features of COVID-19: A systematic review and meta-analysis",2020,Travel Medicine and Infectious Disease,,,,,,,581,10.1016/j.tmaid.2020.101623,https://app.dimensions.ai/details/publication/pub.1125614636,,,,,,,,,,,,,,,,,,,,,,,,,,,,
"Backer Jantien A, Klinkenberg Don, Wallinga Jacco","Incubation period of 2019 novel coronavirus (2019-nCoV) infections among travellers from Wuhan, China, 20–28 January 2020",2020,Eurosurveillance,,,,,,,580,10.2807/1560-7917.es.2020.25.5.2000062,https://app.dimensions.ai/details/publication/pub.1124705628,,,,,,,,,,,,,,,,,,,,,,,,,,,,
"Grifoni Alba, Weiskopf Daniela, Ramirez Sydney I, Mateus Jose, Dan Jennifer M, Moderbacher Carolyn Rydyznski, Rawlings Stephen A, Sutherland Aaron, Premkumar Lakshmanane, Jadi Ramesh S, Marrama Daniel, de Silva Aravinda M, Frazier April, Carlin Aaron F, Greenbaum Jason A, Peters Bjoern, Krammer Florian, Smith Davey M, Crotty Shane, Sette Alessandro",Targets of T Cell Responses to SARS-CoV-2 Coronavirus in Humans with COVID-19 Disease and Unexposed Individuals,2020,Cell,,,,,,,577,10.1016/j.cell.2020.05.015,https://app.dimensions.ai/details/publication/pub.1127740425,,,,,,,,,,,,,,,,,,,,,,,,,,,,
"Zou Xin, Chen Ke, Zou Jiawei, Han Peiyi, Hao Jie, Han Zeguang",Single-cell RNA-seq data analysis on the receptor ACE2 expression reveals the potential risk of different human organs vulnerable to 2019-nCoV infection,2020,Frontiers of Medicine,,,,,,,576,10.1007/s11684-020-0754-0,https://app.dimensions.ai/details/publication/pub.1125620833,,,,,,,,,,,,,,,,,,,,,,,,,,,,
"Moriguchi Takeshi, Harii Norikazu, Goto Junko, Harada Daiki, Sugawara Hisanori, Takamino Junichi, Ueno Masateru, Sakata Hiroki, Kondo Kengo, Myose Natsuhiko, Nakao Atsuhito, Takeda Masayuki, Haro Hirotaka, Inoue Osamu, Suzuki-Inoue Katsue, Kubokawa Kayo, Ogihara Shinji, Sasaki Tomoyuki, Kinouchi Hiroyuki, Kojin Hiroyuki, Ito Masami, Onishi Hiroshi, Shimizu Tatsuya, Sasaki Yu, Enomoto Nobuyuki, Ishihara Hiroshi, Furuya Shiomi, Yamamoto Tomoko, Shimada Shinji",A first case of meningitis/encephalitis associated with SARS-Coronavirus-2,2020,International Journal of Infectious Diseases,,,,,,,575,10.1016/j.ijid.2020.03.062,https://app.dimensions.ai/details/publication/pub.1126110990,,,,,,,,,,,,,,,,,,,,,,,,,,,,
"Wichmann Dominic, Sperhake Jan-Peter, Lütgehetmann Marc, Steurer Stefan, Edler Carolin, Heinemann Axel, Heinrich Fabian, Mushumba Herbert, Kniep Inga, Schröder Ann Sophie, Burdelski Christoph, de Heer Geraldine, Nierhaus Axel, Frings Daniel, Pfefferle Susanne, Becker Heinrich, Bredereke-Wiedling Hanns, de Weerth Andreas, Paschen Hans-Richard, Sheikhzadeh-Eggers Sara, Stang Axel, Schmiedel Stefan, Bokemeyer Carsten, Addo Marylyn M, Aepfelbacher Martin, Püschel Klaus, Kluge Stefan",Autopsy Findings and Venous Thromboembolism in Patients With COVID-19: A Prospective Cohort Study.,2020,Annals of Internal Medicine,,,,,,,569,10.7326/m20-2003,https://app.dimensions.ai/details/publication/pub.1127427337,,,,,,,,,,,,,,,,,,,,,,,,,,,,
"Driggin Elissa, Madhavan Mahesh V., Bikdeli Behnood, Chuich Taylor, Laracy Justin, Bondi-Zoccai Giuseppe, Brown Tyler S., Der Nigoghossian Caroline, Zidar David A., Haythe Jennifer, Brodie Daniel, Beckman Joshua A., Kirtane Ajay J., Stone Gregg W., Krumholz Harlan M., Parikh Sahil A.","Cardiovascular Considerations for Patients, Health Care Workers, and Health Systems During the Coronavirus Disease 2019 (COVID-19) Pandemic",2020,Journal of the American College of Cardiology,,,,,,,567,10.1016/j.jacc.2020.03.031,https://app.dimensions.ai/details/publication/pub.1125760721,,,,,,,,,,,,,,,,,,,,,,,,,,,,
"Poyiadji Neo, Shahin Gassan, Noujaim Daniel, Stone Michael, Patel Suresh, Griffith Brent",COVID-19–associated Acute Hemorrhagic Necrotizing Encephalopathy: CT and MRI Features,2020,Radiology,,,,,,,566,10.1148/radiol.2020201187,https://app.dimensions.ai/details/publication/pub.1126016450,,,,,,,,,,,,,,,,,,,,,,,,,,,,
"Zhang Chi, Wu Zhao, Li Jia-Wen, Zhao Hong, Wang Gui-Qiang",Cytokine release syndrome in severe COVID-19: interleukin-6 receptor antagonist tocilizumab may be the key to reduce mortality,2020,International Journal of Antimicrobial Agents,,,,,,,566,10.1016/j.ijantimicag.2020.105954,https://app.dimensions.ai/details/publication/pub.1125953590,,,,,,,,,,,,,,,,,,,,,,,,,,,,
"Arons Melissa M, Hatfield Kelly M, Reddy Sujan C, Kimball Anne, James Allison, Jacobs Jesica R, Taylor Joanne, Spicer Kevin, Bardossy Ana C, Oakley Lisa P, Tanwar Sukarma, Dyal Jonathan W, Harney Josh, Chisty Zeshan, Bell Jeneita M, Methner Mark, Paul Prabasaj, Carlson Christina M, McLaughlin Heather P, Thornburg Natalie, Tong Suxiang, Tamin Azaibi, Tao Ying, Uehara Anna, Harcourt Jennifer, Clark Shauna, Brostrom-Smith Claire, Page Libby C, Kay Meagan, Lewis James, Montgomery Patty, Stone Nimalie D, Clark Thomas A, Honein Margaret A, Duchin Jeffrey S, Jernigan John A",Presymptomatic SARS-CoV-2 Infections and Transmission in a Skilled Nursing Facility,2020,New England Journal of Medicine,,,,,,,566,10.1056/nejmoa2008457,https://app.dimensions.ai/details/publication/pub.1126926060,,,,,,,,,,,,,,,,,,,,,,,,,,,,
"Baig Abdul Mannan, Khaleeq Areeba, Ali Usman, Syeda Hira","Evidence of the COVID-19 Virus Targeting the CNS: Tissue Distribution, Host-Virus Interaction, and Proposed Neurotropic Mechanisms.",2020,ACS Chemical Neuroscience,,,,,,,557,10.1021/acschemneuro.0c00122,https://app.dimensions.ai/details/publication/pub.1125617934,,,,,,,,,,,,,,,,,,,,,,,,,,,,
"Li Guangdi, De Clercq Erik",Therapeutic options for the 2019 novel coronavirus (2019-nCoV),2020,Nature Reviews Drug Discovery,,,,,,,555,10.1038/d41573-020-00016-0,https://app.dimensions.ai/details/publication/pub.1125318732,,,,,,,,,,,,,,,,,,,,,,,,,,,,
"Sungnak Waradon, Huang Ni, Bécavin Christophe, Berg Marijn, Queen Rachel, Litvinukova Monika, Talavera-López Carlos, Maatz Henrike, Reichart Daniel, Sampaziotis Fotios, Worlock Kaylee B., Yoshida Masahiro, Barnes Josephine L.",SARS-CoV-2 entry factors are highly expressed in nasal epithelial cells together with innate immune genes,2020,Nature Medicine,,,,,,,553,10.1038/s41591-020-0868-6,https://app.dimensions.ai/details/publication/pub.1126895496,,,,,,,,,,,,,,,,,,,,,,,,,,,,
"Thachil Jecko, Tang Ning, Gando Satoshi, Falanga Anna, Cattaneo Marco, Levi Marcel, Clark Cary, Iba Toshiaki",ISTH interim guidance on recognition and management of coagulopathy in COVID‐19,2020,Journal of Thrombosis and Haemostasis,,,,,,,551,10.1111/jth.14810,https://app.dimensions.ai/details/publication/pub.1125904647,,,,,,,,,,,,,,,,,,,,,,,,,,,,
"Cucinotta Domenico, Vanelli Maurizio",WHO Declares COVID-19 a Pandemic,2020,Acta BioMedica,,,,,,,548,10.23750/abm.v91i1.9397,https://app.dimensions.ai/details/publication/pub.1125774203,,,,,,,,,,,,,,,,,,,,,,,,,,,,
"Cui Songping, Chen Shuo, Li Xiunan, Liu Shi, Wang Feng",Prevalence of venous thromboembolism in patients with severe novel coronavirus pneumonia,2020,Journal of Thrombosis and Haemostasis,,,,,,,547,10.1111/jth.14830,https://app.dimensions.ai/details/publication/pub.1126391447,,,,,,,,,,,,,,,,,,,,,,,,,,,,
"Qiu Jianyin, Shen Bin, Zhao Min, Wang Zhen, Xie Bin, Xu Yifeng",A nationwide survey of psychological distress among Chinese people in the COVID-19 epidemic: implications and policy recommendations,2020,General Psychiatry,,,,,,,545,10.1136/gpsych-2020-100213,https://app.dimensions.ai/details/publication/pub.1125461251,,,,,,,,,,,,,,,,,,,,,,,,,,,,
"Goyal Parag, Choi Justin J, Pinheiro Laura C, Schenck Edward J, Chen Ruijun, Jabri Assem, Satlin Michael J, Campion Thomas R, Nahid Musarrat, Ringel Joanna B, Hoffman Katherine L, Alshak Mark N, Li Han A, Wehmeyer Graham T, Rajan Mangala, Reshetnyak Evgeniya, Hupert Nathaniel, Horn Evelyn M, Martinez Fernando J, Gulick Roy M, Safford Monika M",Clinical Characteristics of Covid-19 in New York City,2020,New England Journal of Medicine,,,,,,,544,10.1056/nejmc2010419,https://app.dimensions.ai/details/publication/pub.1126753047,,,,,,,,,,,,,,,,,,,,,,,,,,,,
"To Kelvin Kai-Wang, Tsang Owen Tak‐Yin, Yip Cyril Chik-Yan, Chan Kwok-Hung, Wu Tak-Chiu, Chan Jacky M C, Leung Wai-Shing, Chik Thomas Shiu-Hong, Choi Chris Yau-Chung, Kandamby Darshana H, Lung David Christopher, Tam Anthony Raymond, Poon Rosana Wing-Shan, Fung Agnes Yim-Fong, Hung Ivan Fan-Ngai, Cheng Vincent Chi-Chung, Chan Jasper Fuk-Woo, Yuen Kwok-Yung",Consistent detection of 2019 novel coronavirus in saliva,2020,Clinical Infectious Diseases,,,,,,,536,10.1093/cid/ciaa149,https://app.dimensions.ai/details/publication/pub.1124814765,,,,,,,,,,,,,,,,,,,,,,,,,,,,
Singhal Tanu,A Review of Coronavirus Disease-2019 (COVID-19),2020,The Indian Journal of Pediatrics,,,,,,,525,10.1007/s12098-020-03263-6,https://app.dimensions.ai/details/publication/pub.1125610936,,,,,,,,,,,,,,,,,,,,,,,,,,,,
"Li Zhengtu, Yi Yongxiang, Luo Xiaomei, Xiong Nian, Liu Yang, Li Shaoqiang, Sun Ruilin, Wang Yanqun, Hu Bicheng, Chen Wei, Zhang Yongchen, Wang Jing, Huang Baofu, Lin Ye, Yang Jiasheng, Cai Wensheng, Wang Xuefeng, Cheng Jing, Chen Zhiqiang, Sun Kangjun, Pan Weimin, Zhan Zhifei, Chen Liyan, Ye Feng",Development and clinical application of a rapid IgM‐IgG combined antibody test for SARS‐CoV‐2 infection diagnosis,2020,Journal of Medical Virology,,,,,,,525,10.1002/jmv.25727,https://app.dimensions.ai/details/publication/pub.1125138328,,,,,,,,,,,,,,,,,,,,,,,,,,,,
"Wang Qihui, Zhang Yanfang, Wu Lili, Niu Sheng, Song Chunli, Zhang Zengyuan, Lu Guangwen, Qiao Chengpeng, Hu Yu, Yuen Kwok-Yung, Wang Qisheng, Zhou Huan, Yan Jinghua, Qi Jianxun",Structural and Functional Basis of SARS-CoV-2 Entry by Using Human ACE2,2020,Cell,,,,,,,525,10.1016/j.cell.2020.03.045,https://app.dimensions.ai/details/publication/pub.1126391722,,,,,,,,,,,,,,,,,,,,,,,,,,,,
"Gorbalenya Alexander E., Baker Susan C., Baric Ralph S., de Groot Raoul J., Drosten Christian, Gulyaeva Anastasia A., Haagmans Bart L., Lauber Chris, Leontovich Andrey M, Neuman Benjamin W., Penzar Dmitry, Perlman Stanley, Poon Leo L.M., Samborskiy Dmitry, Sidorov Igor A., Sola Isabel, Ziebuhr John",Severe acute respiratory syndrome-related coronavirus: The species and its viruses – a statement of the Coronavirus Study Group,2020,bioRxiv,,,,,,,519,10.1101/2020.02.07.937862,https://app.dimensions.ai/details/publication/pub.1124815253,,,,,,,,,,,,,,,,,,,,,,,,,,,,
"Verdoni Lucio, Mazza Angelo, Gervasoni Annalisa, Martelli Laura, Ruggeri Maurizio, Ciuffreda Matteo, Bonanomi Ezio, D'Antiga Lorenzo",An outbreak of severe Kawasaki-like disease at the Italian epicentre of the SARS-CoV-2 epidemic: an observational cohort study,2020,The Lancet,,,,,,,518,10.1016/s0140-6736(20)31103-x,https://app.dimensions.ai/details/publication/pub.1127574909,,,,,,,,,,,,,,,,,,,,,,,,,,,,
"Li Bo, Yang Jing, Zhao Faming, Zhi Lili, Wang Xiqian, Liu Lin, Bi Zhaohui, Zhao Yunhe",Prevalence and impact of cardiovascular metabolic diseases on COVID-19 in China,2020,Clinical Research in Cardiology,,,,,,,518,10.1007/s00392-020-01626-9,https://app.dimensions.ai/details/publication/pub.1125562859,,,,,,,,,,,,,,,,,,,,,,,,,,,,
"Ye Qing, Wang Bili, Mao Jianhua",Cytokine Storm in COVID-19 and Treatment,2020,Journal of Infection,,,,,,,516,10.1016/j.jinf.2020.03.037,https://app.dimensions.ai/details/publication/pub.1126594667,,,,,,,,,,,,,,,,,,,,,,,,,,,,
"Xu Yi, Li Xufang, Zhu Bing, Liang Huiying, Fang Chunxiao, Gong Yu, Guo Qiaozhi, Sun Xin, Zhao Danyang, Shen Jun, Zhang Huayan, Liu Hongsheng, Xia Huimin, Tang Jinling, Zhang Kang, Gong Sitang",Characteristics of pediatric SARS-CoV-2 infection and potential evidence for persistent fecal viral shedding,2020,Nature Medicine,,,,,,,515,10.1038/s41591-020-0817-4,https://app.dimensions.ai/details/publication/pub.1125618973,,,,,,,,,,,,,,,,,,,,,,,,,,,,
"Riou Julien, Althaus Christian L.","Pattern of early human-to-human transmission of Wuhan 2019 novel coronavirus (2019-nCoV), December 2019 to January 2020",2020,Eurosurveillance,,,,,,,513,10.2807/1560-7917.es.2020.25.4.2000058,https://app.dimensions.ai/details/publication/pub.1124445588,,,,,,,,,,,,,,,,,,,,,,,,,,,,
"Gu Jinyang, Han Bing, Wang Jian",COVID-19: Gastrointestinal manifestations and potential fecal-oral transmission,2020,Gastroenterology,,,,,,,510,10.1053/j.gastro.2020.02.054,https://app.dimensions.ai/details/publication/pub.1125322785,,,,,,,,,,,,,,,,,,,,,,,,,,,,
"Monteil Vanessa, Kwon Hyesoo, Prado Patricia, Hagelkrüys Astrid, Wimmer Reiner A., Stahl Martin, Leopoldi Alexandra, Garreta Elena, del Pozo Carmen Hurtado, Prosper Felipe, Romero Juan Pablo, Wirnsberger Gerald, Zhang Haibo, Slutsky Arthur S., Conder Ryan, Montserrat Nuria, Mirazimi Ali, Penninger Josef M.",Inhibition of SARS-CoV-2 Infections in Engineered Human Tissues Using Clinical-Grade Soluble Human ACE2,2020,Cell,,,,,,,507,10.1016/j.cell.2020.04.004,https://app.dimensions.ai/details/publication/pub.1126921330,,,,,,,,,,,,,,,,,,,,,,,,,,,,
"Munster Vincent J, Koopmans Marion, van Doremalen Neeltje, van Riel Debby, de Wit Emmie",A Novel Coronavirus Emerging in China — Key Questions for Impact Assessment,2020,New England Journal of Medicine,,,,,,,505,10.1056/nejmp2000929,https://app.dimensions.ai/details/publication/pub.1124289383,,,,,,,,,,,,,,,,,,,,,,,,,,,,
"Tian Sufang, Hu Weidong, Niu Li, Liu Huan, Xu Haibo, Xiao Shu-Yuan",Pulmonary pathology of early phase 2019 novel coronavirus (COVID-19) pneumonia in two patients with lung cancer,2020,Journal of Thoracic Oncology,,,,,,,505,10.1016/j.jtho.2020.02.010,https://app.dimensions.ai/details/publication/pub.1125132937,,,,,,,,,,,,,,,,,,,,,,,,,,,,
"Tang Xiaolu, Wu Changcheng, Li Xiang, Song Yuhe, Yao Xinmin, Wu Xinkai, Duan Yuange, Zhang Hong, Wang Yirong, Qian Zhaohui, Cui Jie, Lu Jian",On the origin and continuing evolution of SARS-CoV-2,2020,National Science Review,,,,,,,505,10.1093/nsr/nwaa036,https://app.dimensions.ai/details/publication/pub.1125346928,,,,,,,,,,,,,,,,,,,,,,,,,,,,
"Riphagen Shelley, Gomez Xabier, Gonzalez-Martinez Carmen, Wilkinson Nick, Theocharis Paraskevi",Hyperinflammatory shock in children during COVID-19 pandemic,2020,The Lancet,,,,,,,504,10.1016/s0140-6736(20)31094-1,https://app.dimensions.ai/details/publication/pub.1127424819,,,,,,,,,,,,,,,,,,,,,,,,,,,,
"Jin Zhenming, Du Xiaoyu, Xu Yechun, Deng Yongqiang, Liu Meiqin, Zhao Yao, Zhang Bing, Li Xiaofeng, Zhang Leike, Peng Chao, Duan Yinkai, Yu Jing, Wang Lin, Yang Kailin, Liu Fengjiang, Jiang Rendi, Yang Xinglou, You Tian, Liu Xiaoce, Yang Xiuna, Bai Fang, Liu Hong, Liu Xiang, Guddat Luke W., Xu Wenqing, Xiao Gengfu, Qin Chengfeng, Shi Zhengli, Jiang Hualiang, Rao Zihe, Yang Haitao",Structure of Mpro from SARS-CoV-2 and discovery of its inhibitors,2020,Nature,,,,,,,504,10.1038/s41586-020-2223-y,https://app.dimensions.ai/details/publication/pub.1126392932,,,,,,,,,,,,,,,,,,,,,,,,,,,,
"Zhang Chao, Shi Lei, Wang Fu-Sheng",Liver injury in COVID-19: management and challenges,2020,The Lancet Gastroenterology & Hepatology,,,,,,,503,10.1016/s2468-1253(20)30057-1,https://app.dimensions.ai/details/publication/pub.1125402646,,,,,,,,,,,,,,,,,,,,,,,,,,,,
"Alhazzani Waleed, Møller Morten Hylander, Arabi Yaseen M., Loeb Mark, Gong Michelle Ng, Fan Eddy, Oczkowski Simon, Levy Mitchell M., Derde Lennie, Dzierba Amy, Du Bin, Aboodi Michael, Wunsch Hannah, Cecconi Maurizio, Koh Younsuck, Chertow Daniel S., Maitland Kathryn, Alshamsi Fayez, Belley-Cote Emilie, Greco Massimiliano, Laundy Matthew, Morgan Jill S., Kesecioglu Jozef, McGeer Allison, Mermel Leonard, Mammen Manoj J., Alexander Paul E., Arrington Amy, Centofanti John E., Citerio Giuseppe, Baw Bandar, Memish Ziad A., Hammond Naomi, Hayden Frederick G., Evans Laura, Rhodes Andrew",Surviving Sepsis Campaign: guidelines on the management of critically ill adults with Coronavirus Disease 2019 (COVID-19),2020,Intensive Care Medicine,,,,,,,503,10.1007/s00134-020-06022-5,https://app.dimensions.ai/details/publication/pub.1125954802,,,,,,,,,,,,,,,,,,,,,,,,,,,,
"Lodigiani Corrado, Iapichino Giacomo, Carenzo Luca, Cecconi Maurizio, Ferrazzi Paola, Sebastian Tim, Kucher Nils, Studt Jan-Dirk, Sacco Clara, Alexia Bertuzzi, Sandri Maria Teresa, Barco Stefano, Force Humanitas COVID-19 Task","Venous and arterial thromboembolic complications in COVID-19 patients admitted to an academic hospital in Milan, Italy",2020,Thrombosis Research,,,,,,,500,10.1016/j.thromres.2020.04.024,https://app.dimensions.ai/details/publication/pub.1126885102,,,,,,,,,,,,,,,,,,,,,,,,,,,,
"Shereen Muhammad Adnan, Khan Suliman, Kazmi Abeer, Bashir Nadia, Siddique Rabeea","COVID-19 infection: origin, transmission, and characteristics of human coronaviruses",2020,Journal of Advanced Research,,,,,,,500,10.1016/j.jare.2020.03.005,https://app.dimensions.ai/details/publication/pub.1125678940,,,,,,,,,,,,,,,,,,,,,,,,,,,,
"Lan Lan, Xu Dan, Ye Guangming, Xia Chen, Wang Shaokang, Li Yirong, Xu Haibo",Positive RT-PCR Test Results in Patients Recovered From COVID-19,2020,JAMA,,,,,,,499,10.1001/jama.2020.2783,https://app.dimensions.ai/details/publication/pub.1125126525,,,,,,,,,,,,,,,,,,,,,,,,,,,,
"Madjid Mohammad, Safavi-Naeini Payam, Solomon Scott D., Vardeny Orly",Potential Effects of Coronaviruses on the Cardiovascular System,2020,JAMA Cardiology,,,,,,,497,10.1001/jamacardio.2020.1286,https://app.dimensions.ai/details/publication/pub.1125943268,,,,,,,,,,,,,,,,,,,,,,,,,,,,
"Connors Jean M., Levy Jerrold H.",COVID-19 and its implications for thrombosis and anticoagulation.,2020,Blood,,,,,,,497,10.1182/blood.2020006000,https://app.dimensions.ai/details/publication/pub.1127180869,,,,,,,,,,,,,,,,,,,,,,,,,,,,
"Luo Pan, Liu Yi, Qiu Lin, Liu Xiulan, Liu Dong, Li Juan",Tocilizumab treatment in COVID‐19: A single center experience,2020,Journal of Medical Virology,,,,,,,495,10.1002/jmv.25801,https://app.dimensions.ai/details/publication/pub.1126173258,,,,,,,,,,,,,,,,,,,,,,,,,,,,
"Phan Lan T, Nguyen Thuong V, Luong Quang C, Nguyen Thinh V, Nguyen Hieu T, Le Hung Q, Nguyen Thuc T, Cao Thang M, Pham Quang D",Importation and Human-to-Human Transmission of a Novel Coronavirus in Vietnam,2020,New England Journal of Medicine,,,,,,,491,10.1056/nejmc2001272,https://app.dimensions.ai/details/publication/pub.1124368690,,,,,,,,,,,,,,,,,,,,,,,,,,,,
"Lei Shaoqing, Jiang Fang, Su Wating, Chen Chang, Chen Jingli, Mei Wei, Zhan Li-Ying, Jia Yifan, Zhang Liangqing, Liu Danyong, Xia Zhong-Yuan, Xia Zhengyuan",Clinical characteristics and outcomes of patients undergoing surgeries during the incubation period of COVID-19 infection,2020,EClinicalMedicine,,,,,,,491,10.1016/j.eclinm.2020.100331,https://app.dimensions.ai/details/publication/pub.1126149587,,,,,,,,,,,,,,,,,,,,,,,,,,,,
"Fauci Anthony S, Lane H Clifford, Redfield Robert R",Covid-19 — Navigating the Uncharted,2020,New England Journal of Medicine,,,,,,,489,10.1056/nejme2002387,https://app.dimensions.ai/details/publication/pub.1125152513,,,,,,,,,,,,,,,,,,,,,,,,,,,,
"Li Geng, Fan Yaohua, Lai Yanni, Han Tiantian, Li Zonghui, Zhou Peiwen, Pan Pan, Wang Wenbiao, Hu Dingwen, Liu Xiaohong, Zhang Qiwei, Wu Jianguo",Coronavirus infections and immune responses,2020,Journal of Medical Virology,,,,,,,489,10.1002/jmv.25685,https://app.dimensions.ai/details/publication/pub.1124294028,,,,,,,,,,,,,,,,,,,,,,,,,,,,